probability,value_at_risk,break_even_probability,expected_value,contact,churned
0.0,762.3000000000001,0.0238991456055446,-6.0,False,0
0.29304029304029305,594.33,0.031206846782184012,50.34153846153846,True,1
0.696078431372549,487.40999999999997,0.038748801208962604,101.78322058823528,True,0
0.032448377581120944,516.1200000000001,0.03638745360599665,-0.6495221238938038,False,0
0.09722222222222222,302.28000000000003,0.06663113006396588,2.754666666666667,True,0
0.5882352941176471,464.97,0.04081924219076873,80.46441176470589,True,1
0.0,131.34,0.19855058076044874,-6.0,False,0
0.29304029304029305,693.33,0.0264415608453367,60.49538461538462,True,0
0.0021413276231263384,131.01000000000002,0.19931237231551147,-5.935538543897216,False,1
0.45454545454545453,268.29,0.07677395827335368,29.523409090909098,True,1
0.8541666666666666,160.05,0.14900353883404732,28.39515625,True,1
0.0,131.67000000000002,0.1977945903179548,-6.0,False,0
0.8541666666666666,490.38,0.03849040626623815,127.15006249999999,True,0
0.3064516129032258,200.64,0.11014428901861441,10.69364516129032,True,0
0.0,131.34,0.19855058076044874,-6.0,False,0
0.6770833333333334,644.4900000000001,0.028595734946132777,136.06664062500002,True,1
0.0,156.09,0.15431503414220132,-6.0,False,0
0.032448377581120944,602.2500000000001,0.030763314747164004,0.3286504424778771,True,0
0.032448377581120944,596.97,0.03105758853353831,0.2686858407079651,True,0
0.0,129.03000000000003,0.20400877237721216,-6.0,False,0
0.0021413276231263384,528.0,0.035492457852706306,-5.638008565310493,False,0
0.0,120.45000000000002,0.22720817949446176,-6.0,False,0
0.0,668.58,0.02749103105111957,-6.0,False,0
0.2549019607843137,466.95000000000005,0.040627697933065865,31.644558823529408,True,1
0.032448377581120944,602.58,0.03074510768473967,0.3323982300884962,True,0
0.45454545454545453,652.7400000000001,0.028207551161445917,90.6859090909091,True,0
0.6770833333333334,661.98,0.027785109959572667,140.21140625,True,1
0.12790697674418605,336.6,0.058788947677836566,7.054186046511628,True,0
0.045454545454545456,450.45000000000005,0.042281063368743724,0.45034090909090896,True,0
0.8972332015810277,660.0000000000001,0.02787456445993031,187.12944664031625,True,1
0.0,428.6700000000001,0.04468125509645566,-6.0,False,0
0.0021413276231263384,527.6700000000001,0.03551672393738401,-5.6382558886509635,False,0
0.0,574.86,0.032353559700406036,-6.0,False,0
0.8972332015810277,333.3,0.05946187007581388,84.5353162055336,True,1
0.0,542.19,0.03447948901397281,-6.0,False,0
0.0021413276231263384,129.69,0.2024189059258135,-5.936527837259101,False,1
0.12790697674418605,533.61,0.03508494943381663,15.873819767441859,True,0
0.032448377581120944,715.44,0.025569561993403052,1.6141415929203538,True,0
0.49214659685863865,192.06000000000003,0.11657049600746049,19.331277486910995,True,0
0.9210526315789473,522.72,0.035884738220834676,148.00184210526314,True,1
0.0,162.36,0.14607069821793747,-6.0,False,0
0.046153846153846156,576.1800000000001,0.032273160026463986,2.5806000000000004,True,0
0.0,727.98,0.025100086595298755,-6.0,False,0
0.6770833333333334,132.66000000000003,0.19556077050943577,14.773593750000003,True,1
0.9210526315789473,626.01,0.029505270378921436,181.29927631578946,True,0
0.032448377581120944,468.2700000000001,0.04050099733705942,-1.1929513274336268,False,1
0.02702702702702703,468.2700000000001,0.04050099733705942,-1.9960945945945934,False,0
0.0021413276231263384,132.66000000000003,0.19556077050943577,-5.934301927194861,False,0
0.045454545454545456,555.0600000000001,0.033609491320348864,2.1145909090909107,True,0
0.8972332015810277,590.3700000000001,0.03143344361233134,165.26342490118583,True,1
0.5882352941176471,419.76000000000005,0.045743561593705684,71.1564705882353,True,1
0.045454545454545456,688.38,0.026644995403738294,4.235590909090909,True,0
0.0,132.66000000000003,0.19556077050943577,-6.0,False,0
0.2549019607843137,598.6200000000001,0.030965025004257688,43.39158823529412,True,0
0.0,134.97,0.19053970371076076,-6.0,False,0
0.8972332015810277,231.0,0.09216589861751152,52.4098814229249,True,0
0.0,133.65,0.19337684312303602,-6.0,False,0
0.0021413276231263384,127.71000000000002,0.2072646251101093,-5.938011777301927,False,0
0.5089285714285714,694.6500000000001,0.026387835207969123,109.71890625,True,0
0.0,559.6800000000001,0.03330779735536089,-6.0,False,0
0.0,776.1600000000001,0.023446109118191834,-6.0,False,0
0.49214659685863865,516.7800000000001,0.036336549117930265,75.264722513089,True,1
0.0,359.37000000000006,0.05453083036821942,-6.0,False,0
0.06091370558375635,196.35000000000002,0.11326631742885458,-2.7732487309644664,False,0
0.1693121693121693,626.3400000000001,0.02948852159296993,28.449777777777783,True,0
0.5882352941176471,581.7900000000001,0.031935872767482894,104.51558823529413,True,1
0.2549019607843137,695.6400000000001,0.02634768403857301,52.047294117647056,True,1
0.0,467.2800000000001,0.04059594852433726,-6.0,False,0
0.0,130.02,0.20163322915616494,-6.0,False,0
0.0,580.8000000000001,0.03199488081906895,-6.0,False,0
0.49214659685863865,425.70000000000005,0.04502983226387482,59.57607329842931,True,0
0.09799874024129901,698.94,0.0262147248109263,16.429853667688278,True,0
1.0,567.9300000000001,0.032782317218092556,177.02550000000002,True,1
0.0021413276231263384,262.02000000000004,0.07899206129783956,-5.837351177730192,False,0
0.29304029304029305,619.41,0.029844287430332246,52.91384615384615,True,1
0.045454545454545456,606.21,0.03054624319391519,2.9283409090909096,True,1
0.0,715.44,0.025569561993403052,-6.0,False,0
0.0021413276231263384,134.31000000000003,0.19194779020106525,-5.9330653104925055,False,0
0.0021413276231263384,626.6700000000001,0.02947179181126264,-5.564058886509636,False,0
0.06091370558375635,578.82,0.032113553525265334,5.380934010152284,True,0
0.1693121693121693,166.65,0.14091949973577594,1.2088888888888896,True,0
0.49214659685863865,553.41,0.03371856797241821,81.57428795811515,True,0
0.5882352941176471,456.06000000000006,0.041704026523760866,78.63000000000001,True,0
0.0,161.37,0.147313372371377,-6.0,False,0
0.29304029304029305,657.69,0.027979658788061076,56.84,True,0
0.06091370558375635,363.99,0.05374104875656648,0.800802030456853,True,1
0.15089790679508908,422.07000000000005,0.0454633281429367,13.914675800328485,True,0
0.0,686.07,0.02674100666519591,-6.0,False,0
0.49214659685863865,515.7900000000001,0.03641295937224057,75.09419371727748,True,0
0.0,158.73000000000002,0.15073293891547648,-6.0,False,0
0.0,525.36,0.03568752007423004,-6.0,False,0
0.0,128.70000000000002,0.20481310803891445,-6.0,False,0
0.0,653.4000000000001,0.028176951253874327,-6.0,False,0
0.06091370558375635,492.36,0.03832004904966278,3.537624365482232,True,0
0.49214659685863865,463.32000000000005,0.040980247520695026,66.05616753926701,True,1
0.0021413276231263384,591.0300000000001,0.03139544922963416,-5.590769807280513,False,0
0.0,133.32000000000002,0.19409937888198753,-6.0,False,0
0.8947368421052632,598.95,0.030946578468918032,167.4738157894737,True,0
0.0021413276231263384,162.36,0.14607069821793747,-5.9120428265524625,False,0
0.2549019607843137,671.5500000000001,0.027360716850781487,49.89808823529412,True,0
0.0,160.38000000000002,0.14857737166629523,-6.0,False,0
0.0021413276231263384,660.9900000000001,0.02782976532550389,-5.538337259100643,False,0
0.0,752.73,0.02422231238305165,-6.0,False,0
0.0,132.33,0.19629974971781908,-6.0,False,0
0.045454545454545456,688.38,0.026644995403738294,4.235590909090909,True,0
0.13095238095238096,718.41,0.025456790280597472,24.864624999999997,True,1
0.49214659685863865,365.31000000000006,0.05351958147687285,49.1738167539267,True,1
0.0,433.2900000000001,0.04414962307259301,-6.0,False,0
0.032448377581120944,484.11,0.039040006246401,-1.0130575221238933,False,0
0.2549019607843137,414.48,0.04639725328260567,26.96341176470588,True,0
0.8972332015810277,493.0200000000001,0.03826359792611299,134.69244664031623,True,1
0.5089285714285714,136.29,0.18778461105112437,10.261031249999995,True,0
0.2549019607843137,133.65,0.19337684312303602,1.9089705882352934,True,1
0.0021413276231263384,133.65,0.19337684312303602,-5.933559957173448,False,0
0.0021413276231263384,165.00000000000003,0.14285714285714282,-5.910064239828694,False,0
0.9230769230769231,325.05,0.06121355880327493,84.47769230769232,True,1
0.5882352941176471,432.96,0.044187176881269066,73.87411764705881,True,0
0.49214659685863865,489.3900000000001,0.03857615415031198,70.54675916230366,True,1
0.29304029304029305,700.26,0.026161916098735073,61.20615384615384,True,1
0.17647058823529413,287.43,0.07071260628988633,8.973617647058825,True,0
0.0021413276231263384,713.13,0.0256579664778668,-5.49926017130621,False,0
0.5714285714285714,531.63,0.03522770306569086,91.326,True,0
0.032448377581120944,128.04,0.2064409578860446,-5.056920353982301,False,0
0.0,131.34,0.19855058076044874,-6.0,False,0
0.0021413276231263384,628.32,0.02938842683751139,-5.56282226980728,False,0
0.06091370558375635,443.85,0.04298071240530812,2.503401015228425,True,0
0.0,605.22,0.030600223381630685,-6.0,False,0
0.696078431372549,625.35,0.029538825093231916,135.38919117647058,True,0
0.032448377581120944,592.6800000000001,0.03130086390384374,0.21996460176991217,True,0
0.12790697674418605,129.69,0.2024189059258135,-2.2086453488372095,False,0
0.0,659.3400000000001,0.027904510764165023,-6.0,False,0
0.0,137.61,0.1851080568281734,-6.0,False,0
0.0021413276231263384,363.66,0.05379670226215133,-5.761175588865096,False,0
0.0,631.2900000000001,0.029239552342453637,-6.0,False,0
0.0,133.32000000000002,0.19409937888198753,-6.0,False,0
0.12790697674418605,429.65999999999997,0.04456625888539788,11.220244186046507,True,0
0.0,134.97,0.19053970371076076,-6.0,False,0
0.03438524138446998,701.58,0.026109319721674653,1.9018316258753547,True,0
0.8972332015810277,735.2400000000001,0.024836081859725807,210.75718577075105,True,0
0.0,131.34,0.19855058076044874,-6.0,False,0
0.49214659685863865,131.34,0.19855058076044874,8.872178010471199,True,0
0.8972332015810277,525.0300000000001,0.03571205371092878,144.74459881422928,True,1
0.032448377581120944,520.41,0.0360591008663199,-0.6008008849557527,False,0
0.5714285714285714,594.33,0.031206846782184012,103.866,True,0
0.0,161.37,0.147313372371377,-6.0,False,0
0.0,471.24,0.04021879021879022,-6.0,False,0
0.13095238095238096,367.95000000000005,0.05308207816336009,8.801875000000003,True,0
0.0,133.65,0.19337684312303602,-6.0,False,0
0.1693121693121693,666.9300000000001,0.027563965627734863,30.855111111111114,True,0
0.17647058823529413,294.69,0.06865656270918796,9.422029411764706,True,0
0.0021413276231263384,592.35,0.03131973534823631,-5.58978051391863,False,1
0.0,468.2700000000001,0.04050099733705942,-6.0,False,0
0.49214659685863865,456.06000000000006,0.041704026523760866,64.80562303664921,True,1
0.696078431372549,127.38000000000002,0.20809489127041927,14.070029411764711,True,0
0.4444444444444444,223.74,0.09590946146837385,21.803999999999995,True,1
0.17647058823529413,488.40000000000003,0.038662284941040015,21.386470588235298,True,0
0.046153846153846156,639.8700000000001,0.02881782094046958,3.6094384615384634,True,0
1.0,650.1,0.02833061831574474,205.785,True,1
0.0,597.96,0.031001984126984128,-6.0,False,1
0.6770833333333334,660.33,0.027859615398009432,139.82039062500002,True,0
0.0,635.91,0.029010944378766893,-6.0,False,0
0.5089285714285714,296.6700000000001,0.06811641094630723,38.82871875000001,True,0
0.6770833333333334,128.70000000000002,0.20481310803891445,13.835156250000004,True,0
0.8311688311688312,532.2900000000001,0.03517998962190306,135.75709090909092,True,1
0.1693121693121693,498.96,0.0377629243608625,20.90133333333333,True,0
0.0021413276231263384,136.29,0.18778461105112437,-5.9315813704496785,False,0
0.17647058823529413,629.6400000000001,0.029322073657049023,30.11011764705883,True,0
0.8311688311688312,333.96000000000004,0.05932605600379686,78.06109090909091,True,0
0.0,335.94,0.0589223109330348,-6.0,False,0
0.696078431372549,656.7,0.028024942198556717,143.02691176470586,True,1
0.8541666666666666,701.91,0.026096203654773324,190.38871874999998,True,0
0.0021413276231263384,663.63,0.02771100196055339,-5.536358672376874,False,0
0.10526315789473684,334.62000000000006,0.05919086093107223,4.670210526315792,True,0
0.5882352941176471,565.6200000000001,0.03292777293007787,101.18647058823531,True,0
0.0021413276231263384,432.96,0.044187176881269066,-5.709237687366167,False,0
0.0,132.99,0.19482733427499876,-6.0,False,0
0.06091370558375635,757.0200000000001,0.024076370246421647,9.180121827411169,True,0
0.8972332015810277,567.2700000000001,0.032823744696913744,158.0092944664032,True,1
0.8311688311688312,668.2500000000001,0.027505587072374073,175.30909090909094,True,0
0.0,128.37,0.20562381123734128,-6.0,False,0
0.0,395.34000000000003,0.04893205783769236,-6.0,False,0
0.5714285714285714,523.38,0.03583522961423376,89.67599999999999,True,0
0.696078431372549,591.0300000000001,0.03139544922963416,127.02789705882353,True,1
0.5882352941176471,463.32000000000005,0.040980247520695026,80.12470588235294,True,0
0.0,559.0200000000001,0.03335056445830346,-6.0,False,0
0.0021413276231263384,292.05,0.06939023332465956,-5.814844753747323,False,0
0.06091370558375635,164.34,0.1436472024707319,-3.455695431472081,False,0
0.5882352941176471,298.98,0.06749687826938004,46.29,True,1
0.2549019607843137,721.38,0.02534500893411565,54.343705882352936,True,0
0.0021413276231263384,135.63000000000002,0.18915212559701136,-5.932076017130621,False,1
0.4444444444444444,514.8000000000001,0.03648969166210545,67.08,True,0
0.1693121693121693,627.66,0.029421716168704124,28.528,True,0
0.8311688311688312,624.69,0.029572456214282016,162.63709090909092,True,0
0.032448377581120944,487.74,0.03871991946256752,-0.9718318584070795,False,1
0.0,510.51,0.03682596967381398,-6.0,False,0
0.8311688311688312,534.6,0.0350140056022409,136.42909090909092,True,1
0.696078431372549,773.5200000000001,0.02353107278160811,171.48747058823528,True,0
0.0021413276231263384,127.05000000000001,0.20893183598850873,-5.9385064239828695,False,0
0.8972332015810277,465.30000000000007,0.04078719282145406,125.98749011857711,True,1
0.0021413276231263384,394.68,0.04902441415825081,-5.737927194860814,False,0
0.0,132.33,0.19629974971781908,-6.0,False,0
0.0,126.06,0.21148355715343134,-6.0,False,0
0.6666666666666666,362.34000000000003,0.05402047375955487,68.04599999999999,True,1
0.0,133.98000000000002,0.19265966669877657,-6.0,False,0
0.0021413276231263384,573.5400000000001,0.032434360962003146,-5.603877944325482,False,0
0.06091370558375635,320.43,0.062240341077069106,-0.12788832487309687,False,1
0.8541666666666666,294.03000000000003,0.06883852203693187,68.44959375,True,1
0.49214659685863865,455.73,0.041737533520456616,64.74878010471203,True,0
0.6938775510204082,562.6500000000001,0.0331166949538436,119.71499999999999,True,1
0.032448377581120944,363.66,0.05379670226215133,-2.3809999999999993,False,0
0.3064516129032258,290.07000000000005,0.06995085952118635,20.285733870967746,True,0
0.8311688311688312,627.0000000000001,0.02945508100147275,163.30909090909094,True,1
0.49214659685863865,331.32000000000005,0.059873069093521726,43.3189947643979,True,0
0.0,384.45000000000005,0.0505018622561707,-6.0,False,0
0.0021413276231263384,498.30000000000007,0.03781790677885979,-5.66026766595289,False,0
0.0,172.26000000000002,0.134707348285849,-6.0,False,0
0.0,432.63,0.04422479463110994,-6.0,False,0
0.29304029304029305,496.98,0.037928353340539726,40.35692307692308,True,0
0.5882352941176471,459.0300000000001,0.041404867142132554,79.2414705882353,True,1
0.06091370558375635,488.73,0.0386335319740769,3.4602335025380704,True,1
0.0021413276231263384,168.96000000000004,0.13829345871940255,-5.907096359743041,False,0
0.0,129.69,0.2024189059258135,-6.0,False,0
0.8311688311688312,583.44,0.03183800821420612,150.63709090909092,True,0
0.0021413276231263384,134.64000000000001,0.19124115509657677,-5.932817987152034,False,0
0.02702702702702703,689.0400000000001,0.026617690116851656,0.09227027027027201,True,0
0.0021413276231263384,135.63000000000002,0.18915212559701136,-5.932076017130621,False,0
0.5089285714285714,131.34,0.19855058076044874,9.3793125,True,0
0.0,138.60000000000002,0.1831501831501831,-6.0,False,0
0.0021413276231263384,134.64000000000001,0.19124115509657677,-5.932817987152034,False,0
0.29304029304029305,322.08,0.061869702406731425,22.418461538461532,True,0
0.5089285714285714,491.0400000000001,0.03843345247703601,73.450875,True,1
0.0021413276231263384,427.68,0.04479684630202034,-5.713194860813704,False,0
0.12790697674418605,126.72,0.20977554017201597,-2.3416046511627915,False,0
0.29304029304029305,737.88,0.024741451828393293,65.06461538461538,True,0
0.032448377581120944,598.2900000000001,0.03098349354381453,0.2836769911504433,True,0
0.0,138.27,0.18379818958783256,-6.0,False,0
0.17647058823529413,521.07,0.03600911030490714,23.40432352941177,True,0
0.0,130.02,0.20163322915616494,-6.0,False,0
0.09722222222222222,468.93,0.04043794292184357,8.425395833333333,True,1
1.0,459.69000000000005,0.041338969212802675,139.1415,True,1
0.17647058823529413,326.70000000000005,0.06085501293169024,11.39911764705883,True,0
0.0,136.62,0.1871082421180653,-6.0,False,0
0.6770833333333334,747.1200000000001,0.02441585077032009,160.38781250000002,True,1
0.045454545454545456,375.21000000000004,0.05191501512024815,-0.7466590909090911,False,0
0.09722222222222222,132.99,0.19482733427499876,-3.0058958333333337,False,0
0.49214659685863865,403.9200000000001,0.04776233462291636,55.82443979057591,True,0
0.06091370558375635,616.11,0.030016734329388634,6.17594923857868,True,0
0.0,171.60000000000002,0.13540961408259986,-6.0,False,0
0.0,560.6700000000001,0.03324385196512719,-6.0,False,0
0.0,731.2800000000001,0.02497939200159868,-6.0,False,0
0.29304029304029305,523.38,0.03583522961423376,43.06461538461539,True,0
0.0021413276231263384,236.28000000000003,0.08962179602079225,-5.856642398286938,False,0
0.0,562.6500000000001,0.0331166949538436,-6.0,False,0
0.9210526315789473,456.06000000000006,0.041704026523760866,126.51276315789474,True,1
1.0,525.36,0.03568752007423004,162.126,True,1
0.032448377581120944,168.63000000000002,0.13866259923042257,-4.595942477876106,False,0
0.1693121693121693,138.27,0.18379818958783256,-0.4728888888888889,False,0
0.8947368421052632,464.6400000000001,0.0408513419665836,125.41357894736845,True,1
0.06091370558375635,130.35000000000002,0.20085362791865424,-4.180355329949238,False,0
0.0,434.2800000000001,0.04403734366742997,-6.0,False,0
0.8311688311688312,668.58,0.02749103105111957,175.40509090909092,True,1
0.6770833333333334,324.06000000000006,0.06143072150382405,60.13140625000001,True,1
0.2549019607843137,227.70000000000002,0.09383063570255688,10.299705882352939,True,1
0.29304029304029305,326.04,0.0609979260705136,22.82461538461538,True,0
0.6770833333333334,527.6700000000001,0.03551672393738401,108.38273437500001,True,0
0.10526315789473684,163.02,0.14525383106979445,-1.651894736842105,False,0
0.12790697674418605,294.69,0.06865656270918796,5.177982558139535,True,0
0.032448377581120944,488.73,0.0386335319740769,-0.9605884955752213,False,0
0.6770833333333334,165.33,0.1424653631085942,22.515703125,True,1
0.032448377581120944,163.02,0.14525383106979445,-4.659654867256637,False,0
0.29304029304029305,653.4000000000001,0.028176951253874327,56.400000000000006,True,0
0.0,129.03000000000003,0.20400877237721216,-6.0,False,0
0.032448377581120944,491.0400000000001,0.03843345247703601,-0.934353982300884,False,0
0.09722222222222222,130.02,0.20163322915616494,-3.106958333333333,False,0
0.9523809523809523,647.46,0.02845476403886921,194.82,True,1
0.0,497.6400000000001,0.03787304953794879,-6.0,False,0
0.0,614.13,0.03012116237565608,-6.0,False,0
0.0,128.70000000000002,0.20481310803891445,-6.0,False,0
0.0,575.5200000000001,0.03231330985232817,-6.0,False,0
0.631578947368421,649.11,0.028377045807646193,127.54010526315787,True,0
0.8972332015810277,472.8900000000001,0.04006370128504322,128.3709901185771,True,1
0.8972332015810277,485.76,0.03889385865971763,132.41257707509882,True,1
0.6770833333333334,132.66000000000003,0.19556077050943577,14.773593750000003,True,1
0.9210526315789473,682.7700000000001,0.026879372097867792,199.59690789473686,True,0
0.0,430.65000000000003,0.04445185308662555,-6.0,False,0
0.3064516129032258,565.6200000000001,0.03292777293007787,49.84069354838711,True,0
0.0,126.06,0.21148355715343134,-6.0,False,0
0.5714285714285714,566.2800000000001,0.032886082609839516,98.25600000000001,True,1
0.8972332015810277,491.70000000000005,0.03837666698647223,134.2779249011858,True,1
0.032448377581120944,594.9900000000001,0.03116939788515635,0.24619911504424952,True,0
0.0,560.3400000000001,0.03326513979674999,-6.0,False,0
0.631578947368421,522.3900000000001,0.03590954385901912,99.5283157894737,True,1
0.3064516129032258,463.65000000000003,0.04094794492501407,38.90358870967742,True,1
0.49214659685863865,495.99,0.03801161254763331,71.6836178010471,True,1
0.29304029304029305,516.7800000000001,0.036336549117930265,42.38769230769232,True,1
0.0,462.65999999999997,0.04104500584891334,-6.0,False,0
0.2549019607843137,701.91,0.026096203654773324,52.606676470588226,True,1
0.9230769230769231,490.38,0.03849040626623815,137.892,True,0
0.12790697674418605,463.65000000000003,0.04094794492501407,12.741889534883722,True,1
0.0021413276231263384,661.32,0.027814864263462392,-5.538089935760171,False,0
0.0021413276231263384,127.38000000000002,0.20809489127041927,-5.938259100642398,False,0
0.0,397.98,0.04856608630193536,-6.0,False,0
0.8972332015810277,496.98,0.037928353340539726,135.9360118577075,True,1
0.0,131.34,0.19855058076044874,-6.0,False,0
0.1693121693121693,577.83,0.032173220619817096,25.57511111111111,True,0
0.5882352941176471,611.82,0.030243917192154728,110.69823529411765,True,0
0.2549019607843137,295.35,0.06847556278353163,16.33514705882353,True,1
0.0,129.03000000000003,0.20400877237721216,-6.0,False,0
0.5089285714285714,502.26,0.03749039308677152,75.44943749999999,True,1
0.0021413276231263384,533.94,0.03506126956857107,-5.6335567451820125,False,0
0.5089285714285714,528.33,0.03546822490401411,80.09315624999999,True,0
0.045454545454545456,639.5400000000001,0.02883381629975635,3.4585909090909084,True,0
0.0,161.37,0.147313372371377,-6.0,False,0
0.17647058823529413,268.29,0.07677395827335368,7.79144117647059,True,1
0.0,166.98000000000002,0.1405382615417047,-6.0,False,0
0.045454545454545456,129.36,0.20321072952651897,-4.657909090909091,False,0
0.0,570.2400000000001,0.03263814093149254,-6.0,False,0
0.5882352941176471,290.40000000000003,0.069856793573175,44.523529411764706,True,0
0.9523809523809523,465.63,0.04075519374000224,134.20999999999998,True,1
0.17647058823529413,367.62000000000006,0.053136374505167505,13.926529411764712,True,1
0.0,332.31000000000006,0.05966676113903847,-6.0,False,0
0.0,163.68000000000004,0.14444604940054886,-6.0,False,0
0.045454545454545456,467.61,0.04056424869940878,0.7233409090909086,True,0
0.0,562.98,0.03309559663086826,-6.0,False,0
0.0021413276231263384,346.83,0.05679639910829654,-5.773789079229122,False,0
0.0021413276231263384,731.94,0.024955392236377476,-5.485162740899358,False,0
0.6770833333333334,329.34000000000003,0.06028999487535043,61.38265625000001,True,0
0.032448377581120944,129.03000000000003,0.20400877237721216,-5.045676991150442,False,0
1.0,521.07,0.03600911030490714,160.6245,True,1
0.5882352941176471,391.05000000000007,0.04953867112514706,65.24558823529412,True,0
0.6938775510204082,723.0300000000001,0.025283331331736266,158.66442857142857,True,0
0.0,127.05000000000001,0.20893183598850873,-6.0,False,0
0.49214659685863865,138.27,0.18379818958783256,10.06587958115183,True,1
0.0,589.38,0.03149060792618602,-6.0,False,0
0.9210526315789473,633.9300000000001,0.02910848002794414,183.85243421052633,True,1
0.0,602.91,0.030726922161024437,-6.0,False,0
0.0,129.03000000000003,0.20400877237721216,-6.0,False,0
0.696078431372549,560.01,0.03328645490933602,119.47057352941175,True,1
0.0,132.66000000000003,0.19556077050943577,-6.0,False,0
0.0,460.35,0.041273280709900426,-6.0,False,0
0.696078431372549,491.37000000000006,0.03840503874108283,102.74798529411765,True,1
0.0021413276231263384,364.98,0.05357477699499076,-5.760186295503212,False,0
0.5882352941176471,325.05,0.06121355880327493,51.65735294117647,True,1
0.12790697674418605,561.9900000000001,0.03315897240344521,17.144319767441864,True,0
0.696078431372549,498.30000000000007,0.03781790677885979,104.43632352941177,True,1
0.046153846153846156,408.54,0.04715535331148468,-0.12743076923076924,False,0
0.0021413276231263384,531.63,0.03522770306569086,-5.63528800856531,False,0
0.6770833333333334,623.3700000000001,0.029639948722888707,131.06164062500002,True,1
0.0,402.27,0.04798291808116311,-6.0,False,0
0.0,365.97,0.0534095309307946,-6.0,False,0
0.046153846153846156,599.2800000000001,0.030928153898493797,2.953753846153848,True,0
0.0,571.5600000000001,0.03255632243781742,-6.0,False,0
1.0,459.36,0.04137189193661827,139.02599999999998,True,1
0.8947368421052632,616.11,0.030016734329388634,172.84760526315787,True,1
0.06091370558375635,389.40000000000003,0.04977600796416127,1.3425380710659907,True,1
0.45454545454545453,495.0,0.0380952380952381,65.5909090909091,True,1
0.8972332015810277,671.2200000000001,0.02737513516472987,190.65288142292496,True,1
0.696078431372549,556.71,0.03350111809981658,118.66660294117645,True,0
0.17647058823529413,393.36,0.04921017666453423,15.516352941176471,True,0
0.1693121693121693,279.84000000000003,0.07299802905321556,7.916444444444446,True,0
0.17647058823529413,357.72,0.0548185505975222,13.315058823529412,True,1
0.696078431372549,589.38,0.03149060792618602,126.62591176470585,True,1
0.8541666666666666,623.0400000000001,0.029656870013938727,166.809875,True,1
0.9783928310379097,462.99,0.04101260112169464,137.13544680593756,True,1
0.13095238095238096,622.71,0.029673810636577425,20.478375,True,0
0.8972332015810277,557.3700000000001,0.033457964250165194,154.90038142292494,True,1
0.0,534.6,0.0350140056022409,-6.0,False,0
0.29304029304029305,501.6,0.03754458419373005,40.830769230769235,True,1
0.0,590.3700000000001,0.03143344361233134,-6.0,False,0
0.13095238095238096,132.66000000000003,0.19556077050943577,-1.9822499999999996,False,0
0.5089285714285714,537.9000000000001,0.03477958438396661,81.7978125,True,0
0.696078431372549,128.70000000000002,0.20481310803891445,14.391617647058826,True,0
0.0,551.76,0.033828354927099895,-6.0,False,0
0.49214659685863865,485.43,0.03892300057411426,69.86464397905758,True,0
0.17647058823529413,674.19,0.02724591481564733,32.86173529411765,True,0
0.0,526.35,0.035614120998976095,-6.0,False,0
0.29304029304029305,655.71,0.02807037242366613,56.63692307692308,True,0
0.5882352941176471,530.97,0.03527554610954821,94.05264705882352,True,0
0.49214659685863865,321.75000000000006,0.06194347657762291,41.67054973821989,True,0
0.29304029304029305,329.34000000000003,0.06028999487535043,23.163076923076925,True,1
0.0021413276231263384,556.0500000000001,0.033544383412302405,-5.61698608137045,False,0
0.6770833333333334,623.7,0.029623046730356213,131.13984375,True,1
0.0,129.69,0.2024189059258135,-6.0,False,0
0.045454545454545456,699.6,0.026188293832656803,4.414090909090909,True,1
0.0,397.98,0.04856608630193536,-6.0,False,1
0.5882352941176471,651.0900000000001,0.028284342495103268,118.78323529411766,True,0
0.06091370558375635,131.01000000000002,0.19931237231551147,-4.16628426395939,False,1
0.1693121693121693,723.36,0.02527103181622906,34.19911111111111,True,0
0.0021413276231263384,238.26000000000005,0.08870359693085554,-5.855158458244111,False,0
0.8311688311688312,330.99,0.05994215581963406,77.1970909090909,True,1
0.6770833333333334,602.91,0.030726922161024437,126.21304687499997,True,0
0.49214659685863865,525.69,0.0356630201228591,76.79948167539266,True,1
0.0,163.35000000000002,0.14484881405033495,-6.0,False,0
0.0,137.61,0.1851080568281734,-6.0,False,0
0.0,130.02,0.20163322915616494,-6.0,False,0
1.0,597.96,0.031001984126984128,187.536,True,1
0.06091370558375635,564.63,0.03299050698161604,5.078406091370557,True,1
0.6770833333333334,622.0500000000001,0.029707750009283673,130.74882812500002,True,1
0.10526315789473684,522.3900000000001,0.03590954385901912,11.588052631578947,True,0
0.5714285714285714,598.2900000000001,0.03098349354381453,104.658,True,0
0.696078431372549,298.32000000000005,0.06767273465520741,55.71570588235294,True,0
0.2549019607843137,497.31000000000006,0.03790068126474573,34.35314705882353,True,1
0.0,453.75,0.04193971166448231,-6.0,False,0
0.06091370558375635,301.29,0.06688851357000719,-0.5359492385786799,False,0
0.1693121693121693,681.45,0.026935120029628633,31.71555555555556,True,1
0.49214659685863865,703.5600000000001,0.026030820491461888,107.43782198952877,True,1
0.0021413276231263384,544.5000000000001,0.03432003432003432,-5.625642398286938,False,0
0.06091370558375635,688.38,0.026644995403738294,7.716730964467004,True,0
0.17647058823529413,457.71,0.041537295299016605,19.490911764705885,True,1
0.6770833333333334,637.23,0.028946282935442554,134.346171875,True,1
0.02702702702702703,221.76000000000005,0.09698380370478128,-4.327945945945945,False,0
0.5882352941176471,491.37000000000006,0.03840503874108283,85.89970588235295,True,0
0.0,131.01000000000002,0.19931237231551147,-6.0,False,0
0.0,161.37,0.147313372371377,-6.0,False,0
0.0021413276231263384,133.98000000000002,0.19265966669877657,-5.933312633832976,False,0
0.13095238095238096,691.35,0.026522560753240727,23.624375,True,1
0.0,161.04,0.14773230905599055,-6.0,False,0
0.0,136.95000000000002,0.18643672803542294,-6.0,False,0
0.0021413276231263384,177.54,0.12934100756644895,-5.900665952890792,False,0
0.8311688311688312,669.2400000000001,0.02746196517822815,175.59709090909092,True,0
0.1693121693121693,560.6700000000001,0.03324385196512719,24.558222222222224,True,0
0.3064516129032258,196.68,0.11301989150090416,10.268903225806454,True,0
0.0021413276231263384,315.81000000000006,0.06330215702100048,-5.797037473233405,False,0
0.032448377581120944,124.41000000000003,0.21587781315775265,-5.098146017699115,False,0
0.13095238095238096,527.6700000000001,0.03551672393738401,16.122375,True,0
0.0,609.8400000000001,0.030349934747640285,-6.0,False,0
0.06091370558375635,628.6500000000001,0.02937181040496383,6.443299492385787,True,1
0.09722222222222222,564.96,0.03296956908773203,11.693083333333334,True,0
0.8311688311688312,545.4900000000001,0.034252147181476435,139.59709090909092,True,0
0.4444444444444444,329.01000000000005,0.060360047684437666,38.17933333333333,True,0
0.29304029304029305,492.0300000000001,0.03834833712023162,39.84923076923078,True,0
0.045454545454545456,128.04,0.2064409578860446,-4.678909090909091,False,0
0.6770833333333334,653.73,0.02816167618296641,138.256328125,True,1
0.8972332015810277,587.07,0.03162480333325427,164.2271205533597,True,1
0.13095238095238096,669.2400000000001,0.02746196517822815,22.611000000000004,True,0
0.29304029304029305,430.32000000000005,0.044489923032433154,33.52,True,1
0.0,130.68,0.20008003201280514,-6.0,False,0
0.0,271.26000000000005,0.07576618555138839,-6.0,False,0
0.8972332015810277,594.66,0.031188111092051714,166.6106205533597,True,0
0.5882352941176471,291.06000000000006,0.0696694186087017,44.659411764705894,True,1
0.0,134.31000000000003,0.19194779020106525,-6.0,False,0
0.0,536.2500000000001,0.034896401308615044,-6.0,False,0
0.045454545454545456,496.32000000000005,0.037983818893151514,1.180090909090909,True,1
0.0,499.95000000000005,0.03768074984692195,-6.0,False,0
0.032448377581120944,125.4,0.21321961620469082,-5.086902654867257,False,1
0.0021413276231263384,562.6500000000001,0.0331166949538436,-5.612039614561028,False,0
0.8972332015810277,462.99,0.04101260112169464,125.26207707509883,True,1
0.0,135.63000000000002,0.18915212559701136,-6.0,False,0
0.06091370558375635,344.19,0.05729756055635932,0.37867005076142135,True,0
0.5089285714285714,455.40000000000003,0.04177109440267335,67.10249999999999,True,1
0.1693121693121693,166.65,0.14091949973577594,1.2088888888888896,True,0
0.2549019607843137,585.0900000000001,0.031740741622428,42.18450000000001,True,0
0.49214659685863865,236.94,0.08931362479346223,27.061916230366478,True,0
0.4444444444444444,488.73,0.0386335319740769,63.02466666666666,True,1
0.8972332015810277,651.7500000000001,0.028253575843192647,184.53868577075104,True,1
0.032448377581120944,128.70000000000002,0.20481310803891445,-5.049424778761062,False,0
0.29304029304029305,576.51,0.03225312250542256,48.51384615384615,True,0
0.49214659685863865,496.65000000000003,0.03795606585377425,71.79730366492146,True,0
0.032448377581120944,423.72,0.045265254390729676,-1.698902654867256,False,0
0.0,414.81000000000006,0.04635585068780493,-6.0,False,0
0.5882352941176471,698.94,0.0262147248109263,128.63470588235293,True,1
0.8541666666666666,166.65,0.14091949973577594,30.368281250000003,True,1
0.8972332015810277,604.8900000000001,0.030618259198873243,169.8231640316206,True,1
0.0021413276231263384,656.0400000000001,0.02805521265851195,-5.542047109207709,False,0
0.5089285714285714,366.3,0.0533546752034147,51.231562499999995,True,0
0.0021413276231263384,428.01,0.04475824950486187,-5.712947537473234,False,0
0.49214659685863865,551.4300000000001,0.03385039816530842,81.23323036649214,True,0
0.0,568.26,0.03276164266876341,-6.0,False,0
0.8972332015810277,229.68,0.092824654228163,51.995359683794476,True,0
0.0,593.3400000000001,0.031263189157925995,-6.0,False,0
0.8972332015810277,529.32,0.03539572419651706,146.09179446640317,True,1
0.12790697674418605,461.01,0.04120780063666052,12.62370348837209,True,0
0.49214659685863865,320.76000000000005,0.062165858510506024,41.50002094240837,True,1
0.4444444444444444,299.97,0.06723480073285933,33.662,True,0
0.0021413276231263384,544.1700000000001,0.03434272320623664,-5.625889721627409,False,1
0.06091370558375635,129.69,0.2024189059258135,-4.194426395939086,False,1
0.046153846153846156,127.05000000000001,0.20893183598850873,-4.674576923076923,False,0
0.8972332015810277,490.71,0.03846190828757969,133.96703359683795,True,0
0.2549019607843137,700.26,0.026161916098735073,52.459470588235284,True,1
0.0,491.37000000000006,0.03840503874108283,-6.0,False,0
0.0,158.07000000000002,0.1516127809574347,-6.0,False,0
0.032448377581120944,528.66,0.03544402502348167,-0.507106194690266,False,0
0.5089285714285714,631.2900000000001,0.029239552342453637,98.43290625,True,1
0.0021413276231263384,131.67000000000002,0.1977945903179548,-5.935043897216274,False,0
0.0,586.41,0.03166335520743456,-6.0,False,0
0.0,541.2,0.03454828122300915,-6.0,False,0
0.06091370558375635,484.7700000000001,0.03898141561010787,3.3758071065989856,True,0
0.0,132.66000000000003,0.19556077050943577,-6.0,False,0
0.8972332015810277,470.90999999999997,0.04024995220318177,127.74920750988142,True,1
0.0,130.68,0.20008003201280514,-6.0,False,0
0.0021413276231263384,134.64000000000001,0.19124115509657677,-5.932817987152034,False,0
0.29304029304029305,715.7700000000001,0.02555698248707775,62.79692307692309,True,0
0.0021413276231263384,673.2,0.027288852503752216,-5.529186295503212,False,1
0.5882352941176471,598.6200000000001,0.030965025004257688,107.98058823529414,True,0
0.7272727272727273,529.98,0.03534755483289444,117.44945454545454,True,1
0.032448377581120944,676.1700000000001,0.027160443530042846,1.1681548672566384,True,0
0.032448377581120944,758.3400000000001,0.02403181812720041,2.1013539823008855,True,0
0.0,134.64000000000001,0.19124115509657677,-6.0,False,0
0.0,165.00000000000003,0.14285714285714282,-6.0,False,0
0.49214659685863865,735.57,0.024824213537884852,112.95158638743453,True,0
0.0,126.39000000000001,0.21062608604075614,-6.0,False,0
0.29304029304029305,396.0,0.04884004884004884,30.0,True,0
0.032448377581120944,160.71000000000004,0.14815363531982664,-4.685889380530973,False,0
0.0,759.33,0.02399851209225028,-6.0,False,0
0.29304029304029305,476.19000000000005,0.03975708421544363,38.22461538461539,True,1
0.0,162.03000000000003,0.1464825868824843,-6.0,False,0
0.6770833333333334,298.98,0.06749687826938004,54.187968749999996,True,1
0.8311688311688312,527.01,0.03556535578692795,134.2210909090909,True,1
0.5882352941176471,659.01,0.027919508058268015,120.41382352941174,True,1
0.0021413276231263384,127.71000000000002,0.2072646251101093,-5.938011777301927,False,0
0.8311688311688312,557.3700000000001,0.033457964250165194,143.05309090909094,True,1
0.0,128.37,0.20562381123734128,-6.0,False,0
0.02702702702702703,698.61,0.026227960317096042,0.18279729729729777,True,0
0.045454545454545456,367.29,0.053190782037472906,-0.8726590909090914,False,1
0.4444444444444444,461.3400000000001,0.04117513845140303,58.763999999999996,True,0
0.0021413276231263384,681.45,0.026935120029628633,-5.523003211991434,False,0
0.5882352941176471,495.65999999999997,0.03803944690644199,86.78294117647057,True,1
0.0,161.37,0.147313372371377,-6.0,False,0
0.0,130.68,0.20008003201280514,-6.0,False,0
0.0,126.06,0.21148355715343134,-6.0,False,0
0.8972332015810277,462.65999999999997,0.04104500584891334,125.15844664031621,True,0
0.0021413276231263384,130.02,0.20163322915616494,-5.936280513918629,False,0
1.0,589.71,0.031471530067113035,184.6485,True,0
0.1693121693121693,664.2900000000001,0.02768146933239216,30.698666666666668,True,0
0.2549019607843137,528.0,0.035492457852706306,37.09117647058823,True,0
0.1470500501042415,496.32000000000005,0.037983818893151514,17.228320014566194,True,1
0.2549019607843137,222.75,0.09644364074743822,9.858088235294117,True,0
0.8972332015810277,524.0400000000001,0.035785857429144,144.43370750988146,True,1
0.046153846153846156,128.37,0.20562381123734128,-4.653253846153846,False,0
0.0021413276231263384,163.02,0.14525383106979445,-5.91154817987152,False,0
0.0,130.02,0.20163322915616494,-6.0,False,0
0.0,134.64000000000001,0.19124115509657677,-6.0,False,0
0.0,135.96000000000004,0.1884658876743309,-6.0,False,0
0.0,135.3,0.18984337921214997,-6.0,False,0
0.29304029304029305,293.04,0.06911327666044646,19.44,True,1
0.0021413276231263384,135.63000000000002,0.18915212559701136,-5.932076017130621,False,0
0.032448377581120944,330.33,0.06008080868768494,-2.7595265486725666,False,0
0.29304029304029305,295.02000000000004,0.0685659432959649,19.643076923076926,True,1
0.06091370558375635,331.65000000000003,0.059804141436794495,0.11131979695431493,True,1
0.8311688311688312,521.07,0.03600911030490714,132.4930909090909,True,1
0.045454545454545456,134.31000000000003,0.19194779020106525,-4.579159090909091,False,0
0.8972332015810277,625.35,0.029538825093231916,176.2482509881423,True,0
0.02702702702702703,128.37,0.20562381123734128,-5.211364864864865,False,0
0.29304029304029305,161.37,0.147313372371377,5.9353846153846135,True,1
0.06091370558375635,357.06000000000006,0.054934490619935716,0.6530558375634525,True,0
0.7272727272727273,563.97,0.033032462652671915,126.10145454545454,True,1
0.0,126.06,0.21148355715343134,-6.0,False,0
0.1693121693121693,625.6800000000001,0.02952203820151743,28.41066666666667,True,0
0.0,581.46,0.031955517919056674,-6.0,False,0
0.0,561.0000000000001,0.03322259136212624,-6.0,False,0
0.8311688311688312,620.4000000000001,0.029792939073439592,161.38909090909092,True,0
0.0,710.82,0.02574698438445397,-6.0,False,0
0.1693121693121693,470.90999999999997,0.04024995220318177,19.239111111111107,True,0
0.1693121693121693,409.86,0.046984753447506286,15.621333333333332,True,0
0.2549019607843137,504.57000000000005,0.03730194995943413,35.00085294117647,True,1
0.0021413276231263384,445.1700000000001,0.042838936309211435,-5.700086723768736,False,0
0.09722222222222222,525.36,0.03568752007423004,10.345583333333334,True,0
0.0,131.01000000000002,0.19931237231551147,-6.0,False,0
0.0,135.63000000000002,0.18915212559701136,-6.0,False,0
0.696078431372549,529.32,0.03539572419651706,111.99364705882351,True,1
0.9210526315789473,459.69000000000005,0.041338969212802675,127.68296052631578,True,1
0.0,487.08000000000004,0.03877772607414301,-6.0,False,0
0.0,162.69,0.14566111940570264,-6.0,False,0
0.17647058823529413,702.57,0.026070011014579654,34.61461764705883,True,1
0.9720379210818794,518.4300000000001,0.03620990884155449,155.067169542228,True,1
0.8311688311688312,531.63,0.03522770306569086,135.56509090909088,True,1
0.5882352941176471,700.5900000000001,0.02614874714815226,128.9744117647059,True,1
0.0,167.64000000000001,0.1397819401733296,-6.0,False,0
0.49214659685863865,488.07000000000005,0.03869108073861273,70.31938743455497,True,1
0.6770833333333334,689.0400000000001,0.026617690116851656,146.6240625,True,1
0.5882352941176471,425.0400000000001,0.04510803374080923,72.24352941176471,True,0
0.0,743.16,0.024554338751657422,-6.0,False,0
0.5882352941176471,683.76,0.026837712353399,125.50941176470587,True,0
0.0,131.34,0.19855058076044874,-6.0,False,0
0.5882352941176471,492.0300000000001,0.03834833712023162,86.03558823529413,True,1
0.032448377581120944,130.35000000000002,0.20085362791865424,-5.030685840707965,False,0
0.0,382.8,0.050748540979446845,-6.0,False,0
0.8311688311688312,575.19,0.03233342225024452,148.2370909090909,True,1
0.6770833333333334,745.4700000000001,0.024473363802671264,159.99679687500003,True,1
0.02702702702702703,328.35,0.06050064281932996,-3.319662162162162,False,1
0.02702702702702703,393.03,0.04925683746475058,-2.7078243243243243,False,0
0.631578947368421,303.6,0.06629101756711965,51.164210526315784,True,1
0.5882352941176471,687.0600000000001,0.02669977438690643,126.18882352941176,True,0
0.5882352941176471,493.68,0.03820731287968518,86.37529411764706,True,1
0.0,132.66000000000003,0.19556077050943577,-6.0,False,0
0.5089285714285714,466.95000000000005,0.040627697933065865,69.15984375,True,1
0.29304029304029305,599.61,0.030909751253776787,50.88307692307693,True,1
0.032448377581120944,583.44,0.03183800821420612,0.11502654867256723,True,0
0.12790697674418605,128.04,0.2064409578860446,-2.2825116279069775,False,0
0.02702702702702703,139.59,0.18123329255584253,-5.1052297297297295,False,0
0.0,731.2800000000001,0.02497939200159868,-6.0,False,0
0.3064516129032258,130.68,0.20008003201280514,3.1898709677419355,True,1
0.8972332015810277,627.9900000000001,0.029405062081437314,177.0772944664032,True,1
0.06091370558375635,631.6200000000001,0.02922310378585309,6.506619289340103,True,0
0.0,166.65,0.14091949973577594,-6.0,False,0
0.5882352941176471,337.9200000000001,0.05852402411189792,54.30705882352942,True,0
0.032448377581120944,463.98,0.04091569321413228,-1.2416725663716814,False,0
0.032448377581120944,699.9300000000001,0.026175098320213065,1.4379955752212394,True,0
0.8311688311688312,316.47,0.0631482563187724,72.97309090909091,True,1
0.06091370558375635,476.85,0.03969632312807026,3.206954314720811,True,1
0.0,288.4200000000001,0.07042501496531567,-6.0,False,0
0.0,133.32000000000002,0.19409937888198753,-6.0,False,0
0.1693121693121693,427.0200000000001,0.04487423994256096,16.638222222222225,True,1
0.0,129.69,0.2024189059258135,-6.0,False,0
0.8947368421052632,649.44,0.028361553078646587,183.28515789473684,True,1
0.0,129.03000000000003,0.20400877237721216,-6.0,False,0
0.6770833333333334,301.62000000000006,0.06680249841344064,54.81359375000001,True,1
0.29304029304029305,303.6,0.06629101756711965,20.52307692307692,True,1
0.5089285714285714,700.5900000000001,0.02614874714815226,110.77696875000001,True,0
0.0,592.35,0.03131973534823631,-6.0,False,0
0.6770833333333334,486.4200000000001,0.03883570554768053,98.60734375000001,True,0
0.0021413276231263384,132.0,0.19704433497536947,-5.934796573875803,False,1
0.045454545454545456,719.07,0.025431864855070162,4.72384090909091,True,0
0.5882352941176471,527.01,0.03556535578692795,93.23735294117647,True,0
0.5882352941176471,624.0300000000001,0.029606164003345495,113.21205882352943,True,1
0.5089285714285714,297.00000000000006,0.06802721088435373,38.8875,True,1
0.3064516129032258,553.7400000000001,0.03369669603895337,48.56646774193549,True,1
0.0,158.07000000000002,0.1516127809574347,-6.0,False,0
0.4444444444444444,367.62000000000006,0.053136374505167505,44.18533333333333,True,0
0.0021413276231263384,287.76000000000005,0.07061648188687239,-5.818059957173448,False,0
0.0,598.6200000000001,0.030965025004257688,-6.0,False,0
0.032448377581120944,332.64000000000004,0.05959830740806961,-2.7332920353982293,False,1
0.0,427.35,0.04483550972370117,-6.0,False,0
0.4444444444444444,727.32,0.025124365609768353,100.13866666666665,True,0
0.1693121693121693,363.00000000000006,0.053908355795148244,12.844444444444445,True,0
0.032448377581120944,487.40999999999997,0.038748801208962604,-0.9755796460176995,False,1
0.5089285714285714,577.1700000000001,0.032213122015252914,88.79278125,True,1
0.06091370558375635,549.45,0.0339832632428529,4.75477157360406,True,0
0.0,511.83000000000004,0.036721841233119425,-6.0,False,0
0.09722222222222222,432.30000000000007,0.044262476485559366,7.178958333333334,True,0
0.696078431372549,552.7500000000001,0.033762397130196235,117.70183823529413,True,0
0.5882352941176471,687.0600000000001,0.02669977438690643,126.18882352941176,True,0
0.0,160.38000000000002,0.14857737166629523,-6.0,False,0
0.0,160.05,0.14900353883404732,-6.0,False,0
0.032448377581120944,161.04,0.14773230905599055,-4.682141592920354,False,0
0.0,238.26000000000005,0.08870359693085554,-6.0,False,0
0.0,131.34,0.19855058076044874,-6.0,False,0
0.0,394.35,0.049070723179782866,-6.0,False,0
0.8972332015810277,650.4300000000001,0.02831517622657804,184.12416403162058,True,1
0.0,171.60000000000002,0.13540961408259986,-6.0,False,0
0.8311688311688312,650.4300000000001,0.02831517622657804,170.12509090909091,True,1
0.6938775510204082,662.6400000000001,0.0277554192456077,143.99828571428574,True,0
0.06091370558375635,568.9200000000001,0.03272037170342255,5.169868020304568,True,0
0.3064516129032258,504.57000000000005,0.03730194995943413,43.292588709677425,True,1
0.032448377581120944,224.73,0.09538116698857813,-3.9588185840707966,False,0
0.17647058823529413,127.05000000000001,0.20893183598850873,-0.9322058823529398,False,0
0.5882352941176471,591.36,0.03137648646104609,106.48588235294118,True,1
0.0,252.45000000000002,0.0826360913128809,-6.0,False,0
0.8972332015810277,493.0200000000001,0.03826359792611299,134.69244664031623,True,1
0.1,716.4300000000001,0.02553186057050942,17.50005,True,1
0.29304029304029305,537.9000000000001,0.03477958438396661,44.553846153846166,True,1
0.0,497.31000000000006,0.03790068126474573,-6.0,False,0
0.696078431372549,487.08000000000004,0.03877772607414301,101.70282352941177,True,0
0.0,131.01000000000002,0.19931237231551147,-6.0,False,0
0.02702702702702703,539.22,0.03468669245044139,-1.3249459459459452,False,0
0.8311688311688312,607.2,0.03049245311785333,157.54909090909092,True,0
0.8311688311688312,687.0600000000001,0.02669977438690643,180.78109090909092,True,0
0.0,136.62,0.1871082421180653,-6.0,False,0
0.0,166.65,0.14091949973577594,-6.0,False,0
0.032448377581120944,492.36,0.03832004904966278,-0.9193628318584066,False,0
0.1693121693121693,598.6200000000001,0.030965025004257688,26.80711111111112,True,0
0.06091370558375635,330.99,0.05994215581963406,0.09724873096446718,True,0
0.6770833333333334,560.3400000000001,0.03326513979674999,116.12484375000003,True,0
0.0,168.96000000000004,0.13829345871940255,-6.0,False,0
0.0,567.2700000000001,0.032823744696913744,-6.0,False,0
0.6770833333333334,562.98,0.03309559663086826,116.75046875000001,True,1
0.0,533.61,0.03508494943381663,-6.0,False,0
0.1693121693121693,449.7900000000001,0.04235000158812506,17.987555555555556,True,0
0.5882352941176471,690.69,0.02654967111594905,126.93617647058824,True,0
0.0,126.06,0.21148355715343134,-6.0,False,0
0.032448377581120944,689.7,0.026590440736555206,1.3218141592920363,True,0
0.13095238095238096,549.45,0.0339832632428529,17.120625,True,0
0.8947368421052632,601.26,0.03081806555002543,168.19721052631579,True,1
0.032448377581120944,231.0,0.09216589861751152,-3.8876106194690263,False,0
0.0,129.69,0.2024189059258135,-6.0,False,0
0.06091370558375635,517.11,0.036311150246461935,4.065289340101522,True,0
0.0,161.04,0.14773230905599055,-6.0,False,0
0.0,468.6,0.04046944556859571,-6.0,False,0
0.9210526315789473,661.32,0.027814864263462392,192.6821052631579,True,1
0.5882352941176471,320.76000000000005,0.062165858510506024,50.77411764705883,True,0
0.0,132.33,0.19629974971781908,-6.0,False,0
0.29304029304029305,293.04,0.06911327666044646,19.44,True,0
0.29304029304029305,561.9900000000001,0.03315897240344521,47.024615384615394,True,1
0.0021413276231263384,522.72,0.035884738220834676,-5.64196573875803,False,0
0.0,395.6700000000001,0.04888601004607506,-6.0,False,0
0.0,168.63000000000002,0.13866259923042257,-6.0,False,0
0.06091370558375635,693.0000000000001,0.026455026455026454,7.81522842639594,True,0
0.29304029304029305,665.61,0.027622592518420818,57.65230769230769,True,0
0.8311688311688312,570.57,0.03261764777833046,146.89309090909092,True,1
0.09722222222222222,727.32,0.025124365609768353,17.21783333333333,True,0
0.17647058823529413,567.2700000000001,0.032823744696913744,26.257852941176473,True,0
0.032448377581120944,388.4100000000001,0.04991950479851239,-2.099915929203539,False,0
0.0,133.32000000000002,0.19409937888198753,-6.0,False,0
0.06091370558375635,730.95,0.02499140920308644,8.624314720812182,True,0
0.0021413276231263384,234.96000000000004,0.09024456276509339,-5.857631691648822,False,0
0.5089285714285714,499.95000000000005,0.03768074984692195,75.03796874999999,True,1
0.2549019607843137,188.10000000000002,0.11979634621144053,6.766764705882354,True,0
0.49214659685863865,297.00000000000006,0.06802721088435373,37.40732984293193,True,0
0.032448377581120944,386.76000000000005,0.050160513643659706,-2.1186548672566365,False,1
0.06091370558375635,732.9300000000001,0.024919478933695498,8.666527918781725,True,0
0.02702702702702703,646.8000000000001,0.028485970659450216,-0.30729729729729627,False,0
0.0,131.01000000000002,0.19931237231551147,-6.0,False,0
0.8311688311688312,487.40999999999997,0.038748801208962604,122.70109090909088,True,1
0.6770833333333334,459.69000000000005,0.041338969212802675,92.272890625,True,1
0.8311688311688312,562.32,0.03313782019418762,144.4930909090909,True,1
0.696078431372549,660.33,0.027859615398009432,143.9112794117647,True,1
0.5089285714285714,296.6700000000001,0.06811641094630723,38.82871875000001,True,1
0.29304029304029305,663.96,0.027696227773777213,57.48307692307692,True,1
0.49214659685863865,700.5900000000001,0.02614874714815226,106.92623560209424,True,0
0.10526315789473684,522.72,0.035884738220834676,11.600210526315788,True,0
0.0021413276231263384,363.99,0.05374104875656648,-5.760928265524625,False,1
0.06091370558375635,198.66000000000003,0.11156356334021307,-2.7239999999999993,False,0
0.0021413276231263384,352.11000000000007,0.05581992492220097,-5.769831905781585,False,0
0.8541666666666666,606.21,0.03054624319391519,161.77840625000002,True,1
0.2549019607843137,129.03000000000003,0.20400877237721216,1.4967941176470614,True,0
0.5089285714285714,724.6800000000001,0.025221953188054883,115.06799999999998,True,0
0.1693121693121693,322.08,0.061869702406731425,10.41955555555555,True,0
0.45454545454545453,318.45000000000005,0.06269101167620092,37.5034090909091,True,0
0.0,127.71000000000002,0.2072646251101093,-6.0,False,0
0.032448377581120944,434.2800000000001,0.04403734366742997,-1.5789734513274327,False,0
0.008516078738578086,701.91,0.026096203654773324,-4.041995950544234,False,0
0.0,540.8700000000001,0.034571273000700065,-6.0,False,0
0.5882352941176471,630.63,0.02927250506780244,114.57088235294115,True,0
0.29304029304029305,691.35,0.026522560753240727,60.29230769230769,True,0
0.8972332015810277,492.36,0.03832004904966278,134.485185770751,True,1
0.29304029304029305,532.95,0.035132405252294586,44.04615384615385,True,0
0.0,132.33,0.19629974971781908,-6.0,False,0
0.5882352941176471,297.00000000000006,0.06802721088435373,45.88235294117648,True,0
0.0021413276231263384,133.65,0.19337684312303602,-5.933559957173448,False,0
0.8311688311688312,559.6800000000001,0.03330779735536089,143.7250909090909,True,1
0.49214659685863865,559.0200000000001,0.03335056445830346,82.54061780104712,True,1
1.0,526.0200000000001,0.0356385537874873,162.35700000000003,True,1
0.6938775510204082,291.39000000000004,0.06957610756466229,53.83757142857142,True,1
0.8972332015810277,499.62000000000006,0.03770810158562567,136.7650553359684,True,1
0.29304029304029305,334.62000000000006,0.05919086093107223,23.70461538461539,True,1
0.5882352941176471,201.63000000000002,0.1094481079158344,26.247352941176473,True,0
0.8311688311688312,702.2400000000001,0.026083100759018228,185.19709090909095,True,1
0.4444444444444444,688.38,0.026644995403738294,94.08133333333332,True,0
0.0,388.74,0.049871580679749644,-6.0,False,0
0.1,601.9200000000001,0.0307815433865854,13.4922,True,0
0.0,137.28000000000003,0.18577001671930146,-6.0,False,1
0.0,139.92000000000002,0.18060321473722232,-6.0,False,0
0.0,167.97,0.13940682396403306,-6.0,False,0
0.5,551.4300000000001,0.03385039816530842,82.62525000000001,True,1
0.8311688311688312,590.7,0.03141443493285164,152.7490909090909,True,1
0.49214659685863865,694.32,0.026401246138817752,105.84621989528793,True,0
0.13095238095238096,495.0,0.0380952380952381,14.625,True,0
0.0,260.04,0.07971938775510204,-6.0,False,0
0.0021413276231263384,352.77000000000004,0.055700221408380095,-5.769337259100642,False,0
0.0,602.2500000000001,0.030763314747164004,-6.0,False,0
0.06091370558375635,132.33,0.19629974971781908,-4.138142131979695,False,0
0.1693121693121693,724.6800000000001,0.025221953188054883,34.27733333333334,True,1
0.0,135.96000000000004,0.1884658876743309,-6.0,False,0
0.2549019607843137,447.48,0.042593065848879806,29.9075294117647,True,0
0.9210526315789473,662.6400000000001,0.0277554192456077,193.10763157894738,True,0
0.2549019607843137,322.08,0.061869702406731425,18.71988235294117,True,0
0.9210526315789473,457.71,0.041537295299016605,127.04467105263157,True,1
0.9655151368335273,522.3900000000001,0.03590954385901912,155.32454491053517,True,0
0.06091370558375635,695.3100000000001,0.026361054178556602,7.864477157360406,True,0
0.02702702702702703,556.0500000000001,0.033544383412302405,-1.1657432432432424,False,0
0.9523809523809523,463.32000000000005,0.040980247520695026,133.44,True,0
0.0,362.6700000000001,0.05396435654250367,-6.0,False,0
0.046153846153846156,689.0400000000001,0.026617690116851656,4.403723076923079,True,0
0.0,127.71000000000002,0.2072646251101093,-6.0,False,0
0.8972332015810277,527.3400000000001,0.03554102322605867,145.47001185770756,True,1
1.0,663.3000000000001,0.027725791917931657,210.405,True,1
0.1693121693121693,166.32000000000002,0.1413028119259573,1.1893333333333338,True,0
0.0,131.01000000000002,0.19931237231551147,-6.0,False,0
0.5089285714285714,562.32,0.03313782019418762,86.14762499999999,True,0
0.3064516129032258,632.61,0.02917386896556754,57.02591129032258,True,0
0.0,133.65,0.19337684312303602,-6.0,False,0
0.0021413276231263384,293.37000000000006,0.06902144841509497,-5.813855460385439,False,0
0.0021413276231263384,489.06000000000006,0.0386048217422356,-5.667192719486081,False,0
0.0,525.0300000000001,0.03571205371092878,-6.0,False,0
0.696078431372549,599.2800000000001,0.030928153898493797,129.03782352941175,True,1
0.0,167.97,0.13940682396403306,-6.0,False,0
0.29304029304029305,669.9000000000001,0.02743296070228379,58.0923076923077,True,1
0.29304029304029305,699.6,0.026188293832656803,61.13846153846154,True,0
0.0021413276231263384,425.70000000000005,0.04502983226387482,-5.714678800856531,False,0
0.1,651.4200000000001,0.028268950797891133,15.224700000000002,True,0
0.29304029304029305,689.3700000000001,0.02660405844911641,60.08923076923078,True,0
0.5089285714285714,637.5600000000001,0.02893016258751374,99.54975,True,0
0.5882352941176471,581.13,0.03197518725469036,104.37970588235294,True,1
0.8311688311688312,528.9900000000001,0.03541985814346813,134.79709090909094,True,1
0.0,593.01,0.031282015187418376,-6.0,False,0
0.5089285714285714,355.08,0.05528527200353826,49.23299999999999,True,0
0.06091370558375635,617.76,0.029930262488402026,6.211126903553298,True,0
0.0,130.02,0.20163322915616494,-6.0,False,0
0.045454545454545456,134.97,0.19053970371076076,-4.568659090909091,False,0
0.045454545454545456,572.5500000000001,0.03249522726349567,2.3928409090909106,True,0
0.0021413276231263384,353.76000000000005,0.0555216256731997,-5.768595289079229,False,0
0.032448377581120944,481.1400000000001,0.03930585853821511,-1.046787610619468,False,0
0.0,607.2,0.03049245311785333,-6.0,False,0
0.29304029304029305,499.62000000000006,0.03770810158562567,40.627692307692314,True,1
0.0,500.2800000000001,0.037653437758867384,-6.0,False,0
0.2549019607843137,663.63,0.02771100196055339,49.19149999999999,True,1
0.09722222222222222,394.68,0.04902441415825081,5.898833333333332,True,0
0.29304029304029305,396.6600000000001,0.04874838520973992,30.06769230769232,True,1
0.8972332015810277,461.6700000000001,0.041142528002633114,124.84755533596842,True,0
0.5089285714285714,389.40000000000003,0.04977600796416127,55.34625,True,0
0.0021413276231263384,759.9900000000001,0.023976359309720613,-5.464140256959315,False,0
0.0,132.66000000000003,0.19556077050943577,-6.0,False,0
0.0,595.98,0.031113392759913507,-6.0,False,0
0.0,132.0,0.19704433497536947,-6.0,False,0
0.0,134.64000000000001,0.19124115509657677,-6.0,False,0
0.0842014886257829,130.02,0.20163322915616494,-3.494416302962578,False,0
0.0,502.5900000000001,0.03746335615476112,-6.0,False,0
0.032448377581120944,398.31000000000006,0.0485207244144155,-1.9874823008849551,False,0
0.0,441.5400000000001,0.043231091801223434,-6.0,False,0
0.8311688311688312,546.8100000000001,0.034162047673137526,139.9810909090909,True,0
0.8972332015810277,676.83,0.02713207214417983,192.41459881422927,True,0
0.0,131.67000000000002,0.1977945903179548,-6.0,False,0
0.10526315789473684,643.83,0.028627251712267494,16.062157894736842,True,0
0.032448377581120944,455.07000000000005,0.041804709300502695,-1.3428628318584064,False,0
0.0021413276231263384,163.02,0.14525383106979445,-5.91154817987152,False,0
0.0,726.9900000000001,0.025136522739126883,-6.0,False,0
0.17647058823529413,333.63,0.05939388539949812,11.827147058823527,True,0
0.12790697674418605,501.93,0.037517469071536434,14.455587209302326,True,0
0.6938775510204082,560.3400000000001,0.03326513979674999,119.15400000000001,True,0
0.0021413276231263384,466.62000000000006,0.04065949704202159,-5.684010706638116,False,0
0.06091370558375635,655.0500000000001,0.028100741157048015,7.006142131979695,True,0
0.5882352941176471,455.40000000000003,0.04177109440267335,78.49411764705883,True,0
0.0,592.0200000000001,0.03133862956172926,-6.0,False,0
0.0,363.99,0.05374104875656648,-6.0,False,0
0.4444444444444444,688.71,0.026631335761223444,94.13266666666665,True,0
0.0,130.02,0.20163322915616494,-6.0,False,0
0.032448377581120944,486.75,0.038806694154741694,-0.9830752212389378,False,0
0.6770833333333334,522.72,0.035884738220834676,107.2096875,True,1
0.1,129.69,0.2024189059258135,-3.035850000000001,False,0
0.0021413276231263384,529.98,0.03534755483289444,-5.636524625267666,False,0
0.0,596.6400000000001,0.031076167687000836,-6.0,False,0
0.0,129.69,0.2024189059258135,-6.0,False,0
0.29304029304029305,196.02,0.11351382030762246,9.489230769230769,True,1
0.8311688311688312,655.71,0.02807037242366613,171.66109090909092,True,1
0.8972332015810277,466.95000000000005,0.040627697933065865,126.50564229249014,True,1
0.5882352941176471,529.6500000000001,0.0353716231153557,93.78088235294119,True,1
0.12790697674418605,258.06000000000006,0.08046023253007199,3.538151162790699,True,0
0.0,132.66000000000003,0.19556077050943577,-6.0,False,0
0.09722222222222222,331.98,0.05973537230070786,3.7652916666666663,True,0
0.29304029304029305,571.23,0.032576738579817084,47.972307692307695,True,0
0.0,130.68,0.20008003201280514,-6.0,False,0
0.1693121693121693,691.6800000000001,0.02650902632346314,32.32177777777778,True,0
0.8972332015810277,692.01,0.026495505699845663,197.18159881422926,True,1
0.0021413276231263384,384.12000000000006,0.0505510059650187,-5.745841541755889,False,0
0.5882352941176471,625.0200000000001,0.02955563108661277,113.41588235294118,True,1
0.9523809523809523,233.97000000000003,0.09071734742476129,56.99000000000001,True,1
0.0,131.34,0.19855058076044874,-6.0,False,0
0.13095238095238096,392.37000000000006,0.04935042503053557,9.921125,True,0
0.631578947368421,590.0400000000001,0.03145247530980688,114.48252631578947,True,1
0.49214659685863865,723.69,0.025258744261529038,110.90524083769631,True,0
0.0021413276231263384,556.38,0.03352273679623205,-5.616738758029978,False,0
0.06091370558375635,128.37,0.20562381123734128,-4.2225685279187815,False,0
0.8972332015810277,462.0,0.04110996916752313,124.95118577075098,True,1
0.5089285714285714,293.70000000000005,0.06892986386351886,38.299687500000005,True,0
0.3064516129032258,530.97,0.03527554610954821,46.12420161290323,True,0
0.49214659685863865,623.7,0.029623046730356213,93.68183246073296,True,0
0.49214659685863865,726.0000000000001,0.02517306482064191,111.30314136125654,True,0
0.0,759.9900000000001,0.023976359309720613,-6.0,False,0
0.0,773.19,0.023541736556197068,-6.0,False,0
0.3064516129032258,631.2900000000001,0.029239552342453637,56.8843306451613,True,0
0.0021413276231263384,406.56000000000006,0.04741358873453132,-5.729023554603854,False,0
0.032448377581120944,446.15999999999997,0.04273321652920816,-1.444053097345133,False,0
0.0,410.19000000000005,0.04694229618241776,-6.0,False,0
0.29304029304029305,610.5000000000001,0.030314513073133757,52.000000000000014,True,1
0.0,132.66000000000003,0.19556077050943577,-6.0,False,0
0.0,137.94,0.1844507977497003,-6.0,False,0
0.12790697674418605,775.1700000000001,0.023477898493305862,26.68784302325581,True,1
0.0,492.0300000000001,0.03834833712023162,-6.0,False,0
0.09722222222222222,333.63,0.05939388539949812,3.8214374999999983,True,0
0.6938775510204082,625.0200000000001,0.02955563108661277,134.86200000000002,True,1
0.0021413276231263384,398.31000000000006,0.0485207244144155,-5.735206638115631,False,1
0.0,433.2900000000001,0.04414962307259301,-6.0,False,0
0.0,762.63,0.023888155655222253,-6.0,False,0
0.0021413276231263384,608.5200000000001,0.030421027013871983,-5.577661670235546,False,0
0.49214659685863865,651.7500000000001,0.028253575843192647,98.51348167539267,True,1
0.09722222222222222,557.3700000000001,0.033457964250165194,11.434812500000003,True,0
0.0,134.31000000000003,0.19194779020106525,-6.0,False,0
0.631578947368421,554.73,0.03363125015764649,106.67715789473682,True,0
0.8311688311688312,635.2500000000001,0.02904338355418406,165.70909090909092,True,1
0.2549019607843137,660.0000000000001,0.02787456445993031,48.86764705882353,True,1
0.3064516129032258,615.1200000000001,0.030068857684096575,55.1499677419355,True,0
0.9210526315789473,459.0300000000001,0.041404867142132554,127.47019736842105,True,1
0.1693121693121693,626.6700000000001,0.02947179181126264,28.46933333333334,True,0
0.1693121693121693,731.2800000000001,0.02497939200159868,34.66844444444445,True,0
0.0021413276231263384,453.75,0.04193971166448231,-5.693656316916488,False,0
0.0021413276231263384,404.9100000000001,0.047630955357887084,-5.73026017130621,False,0
0.06091370558375635,322.41,0.0617961037556582,-0.08567512690355272,False,0
0.0,171.93000000000004,0.13505756828848295,-6.0,False,0
0.0,401.94000000000005,0.048027279494753015,-6.0,False,0
0.045454545454545456,495.65999999999997,0.03803944690644199,1.1695909090909078,True,0
0.5089285714285714,656.7,0.028024942198556717,102.95906249999999,True,0
0.0,783.75,0.023205221174764323,-6.0,False,0
0.13095238095238096,496.98,0.037928353340539726,14.71575,True,0
0.0,298.65000000000003,0.06758469206724677,-6.0,False,0
0.0,136.29,0.18778461105112437,-6.0,False,0
0.29304029304029305,132.0,0.19704433497536947,2.9230769230769234,True,1
0.49214659685863865,457.71,0.041537295299016605,65.08983769633505,True,0
0.0,361.68,0.05413305905916744,-6.0,False,0
0.0021413276231263384,397.65000000000003,0.048611533086224706,-5.735701284796574,False,0
0.0,132.33,0.19629974971781908,-6.0,False,0
0.2549019607843137,733.5900000000001,0.024895594102233753,55.43302941176471,True,0
0.17647058823529413,289.41,0.07013975345876658,9.095911764705884,True,0
0.696078431372549,459.36,0.04137189193661827,94.94947058823527,True,1
0.3064516129032258,600.2700000000001,0.030873011585097594,53.55718548387098,True,0
0.5714285714285714,552.7500000000001,0.033762397130196235,95.55000000000001,True,1
0.8947368421052632,490.05000000000007,0.038518946506813034,133.3709210526316,True,1
0.0,536.91,0.03484958049817476,-6.0,False,0
0.0021413276231263384,492.69000000000005,0.038291802682340774,-5.664472162740899,False,0
0.29304029304029305,704.5500000000001,0.02599174762013061,61.64615384615385,True,1
0.0021413276231263384,330.99,0.05994215581963406,-5.7856605995717345,False,0
0.1693121693121693,363.33,0.05385247115527014,12.863999999999997,True,0
0.5882352941176471,448.47,0.04248855464559235,77.06735294117647,True,1
0.8972332015810277,546.1500000000001,0.03420703809808868,151.37694664031625,True,0
0.8972332015810277,664.6200000000001,0.027666726611240988,188.58027272727279,True,0
0.29304029304029305,333.3,0.05946187007581388,23.569230769230767,True,0
0.1693121693121693,433.95000000000005,0.04407470662773401,17.04888888888889,True,0
0.6938775510204082,545.4900000000001,0.034252147181476435,115.54757142857143,True,0
0.0,464.31000000000006,0.04088349226790953,-6.0,False,0
0.1693121693121693,331.98,0.05973537230070786,11.00622222222222,True,0
0.8972332015810277,165.66000000000003,0.142075726362151,31.89105533596839,True,1
0.3064516129032258,330.99,0.05994215581963406,24.674733870967742,True,1
0.0021413276231263384,375.54,0.051863184918185826,-5.752271948608137,False,0
0.032448377581120944,233.64000000000004,0.09087604507451834,-3.8576283185840703,False,0
0.0,490.71,0.03846190828757969,-6.0,False,0
0.29304029304029305,432.63,0.04422479463110994,33.75692307692308,True,0
0.0,165.99,0.1416882150827105,-6.0,False,0
0.046153846153846156,263.34000000000003,0.07851450555490126,-2.4729692307692304,False,0
0.4444444444444444,644.4900000000001,0.028595734946132777,87.254,True,0
0.0,534.6,0.0350140056022409,-6.0,False,0
0.0021413276231263384,618.4200000000001,0.029895813091376552,-5.570241970021414,False,1
0.0,167.64000000000001,0.1397819401733296,-6.0,False,0
0.0,130.68,0.20008003201280514,-6.0,False,0
0.10526315789473684,327.03000000000003,0.06078380719376358,4.390578947368422,True,0
0.9210526315789473,698.94,0.0262147248109263,204.8096052631579,True,1
0.5089285714285714,233.97000000000003,0.09071734742476129,27.660281249999997,True,1
0.8311688311688312,494.3400000000001,0.038151193178566654,124.71709090909093,True,0
0.0021413276231263384,132.0,0.19704433497536947,-5.934796573875803,False,0
0.06091370558375635,658.0200000000001,0.02796459682042534,7.069461928934011,True,0
0.032448377581120944,395.6700000000001,0.04888601004607506,-2.0174646017699107,False,0
0.0,663.63,0.02771100196055339,-6.0,False,0
0.1693121693121693,679.4700000000001,0.02701917686077693,31.598222222222233,True,1
0.8947368421052632,490.71,0.03846190828757969,133.5776052631579,True,1
0.3064516129032258,422.40000000000003,0.04542357483533954,34.479193548387094,True,0
0.0,327.69,0.06064189445278271,-6.0,False,0
0.09722222222222222,524.0400000000001,0.035785857429144,10.300666666666668,True,0
0.0021413276231263384,260.70000000000005,0.07947546195112258,-5.838340471092077,False,0
0.0,462.99,0.04101260112169464,-6.0,False,0
0.6770833333333334,485.43,0.03892300057411426,98.372734375,True,1
0.10526315789473684,330.66,0.06001140216641161,4.524315789473684,True,0
0.0021413276231263384,127.38000000000002,0.20809489127041927,-5.938259100642398,False,0
0.5882352941176471,627.0000000000001,0.02945508100147275,113.82352941176471,True,0
0.0,130.68,0.20008003201280514,-6.0,False,0
0.5089285714285714,627.9900000000001,0.029405062081437314,97.84509375,True,1
0.046153846153846156,127.05000000000001,0.20893183598850873,-4.674576923076923,False,1
0.0,726.66,0.025148691639317468,-6.0,False,0
0.09722222222222222,367.62000000000006,0.053136374505167505,4.978041666666668,True,0
0.49214659685863865,572.88,0.03247491312960738,84.92802094240835,True,0
0.0,127.71000000000002,0.2072646251101093,-6.0,False,0
0.06091370558375635,399.96000000000004,0.04829518014102192,1.567675126903553,True,0
0.6938775510204082,582.1200000000001,0.031916251755393844,124.4434285714286,True,1
0.8972332015810277,462.0,0.04110996916752313,124.95118577075098,True,1
0.0,134.64000000000001,0.19124115509657677,-6.0,False,1
0.3064516129032258,622.38,0.029690770623951545,55.92866129032258,True,0
0.12790697674418605,626.3400000000001,0.02948852159296993,20.025104651162795,True,0
0.8311688311688312,662.9700000000001,0.02774059767117682,173.77309090909094,True,1
0.5089285714285714,290.07000000000005,0.06995085952118635,37.653093750000004,True,0
0.45454545454545453,725.3400000000001,0.025197485290967957,102.23590909090912,True,0
0.49214659685863865,631.6200000000001,0.02922310378585309,95.04606282722513,True,0
0.0,166.65,0.14091949973577594,-6.0,False,0
0.0021413276231263384,265.98,0.07757650983282262,-5.83438329764454,False,0
0.8311688311688312,557.7,0.03343642898938393,143.14909090909092,True,1
0.0021413276231263384,495.99,0.03801161254763331,-5.661998929336188,False,0
0.0,169.29,0.13792627840419297,-6.0,False,0
0.2549019607843137,204.93,0.10718975265964574,8.268264705882354,True,1
0.06091370558375635,131.01000000000002,0.19931237231551147,-4.16628426395939,False,1
0.0,126.72,0.20977554017201597,-6.0,False,0
0.06091370558375635,462.0,0.04110996916752313,2.8903553299492373,True,0
0.49214659685863865,529.6500000000001,0.0353716231153557,77.48159685863874,True,0
0.0,434.61,0.044000044000044,-6.0,False,0
0.0,587.73,0.03158634522296012,-6.0,False,0
0.8947368421052632,527.6700000000001,0.03551672393738401,145.1519210526316,True,1
0.0,561.9900000000001,0.03315897240344521,-6.0,False,0
0.0021413276231263384,473.88,0.03997122072108083,-5.678569593147752,False,0
0.0,135.96000000000004,0.1884658876743309,-6.0,False,0
0.0,393.03,0.04925683746475058,-6.0,False,0
0.8311688311688312,642.51,0.02869049412203502,167.82109090909088,True,1
0.0,396.33000000000004,0.048794173975627304,-6.0,False,0
0.032448377581120944,505.23,0.03724845651708307,-0.7731991150442479,False,0
0.1693121693121693,589.71,0.031471530067113035,26.279111111111114,True,0
1.0,456.72,0.04163717366865137,138.102,True,1
0.8972332015810277,656.0400000000001,0.02805521265851195,185.88588142292494,True,1
0.0021413276231263384,713.46,0.02564529985766859,-5.499012847965739,False,0
0.0021413276231263384,596.97,0.03105758853353831,-5.586317987152034,False,0
0.032448377581120944,608.19,0.03043885215088539,0.39611061946902737,True,0
0.0,166.32000000000002,0.1413028119259573,-6.0,False,0
0.5089285714285714,686.73,0.026713504344283646,108.30815624999998,True,1
0.1693121693121693,372.24,0.05238619100005239,13.391999999999996,True,0
0.5089285714285714,575.5200000000001,0.03231330985232817,88.498875,True,0
0.696078431372549,498.30000000000007,0.03781790677885979,104.43632352941177,True,1
0.1693121693121693,221.76000000000005,0.09698380370478128,4.4746666666666695,True,0
0.06091370558375635,529.32,0.03539572419651706,4.3256040609137045,True,0
0.0,325.71000000000004,0.0610696346509107,-6.0,False,0
0.0,125.4,0.21321961620469082,-6.0,False,0
0.0,128.70000000000002,0.20481310803891445,-6.0,False,0
0.0,322.74,0.061722679998765545,-6.0,False,0
0.0,168.96000000000004,0.13829345871940255,-6.0,False,0
0.0021413276231263384,233.64000000000004,0.09087604507451834,-5.858620985010707,False,0
0.032448377581120944,157.74,0.1520565650421957,-4.719619469026549,False,0
0.032448377581120944,356.40000000000003,0.05505092210294522,-2.463451327433628,False,0
0.0,750.0900000000001,0.024313005634539052,-6.0,False,0
0.6938775510204082,328.68,0.06043026347594876,62.89371428571428,True,0
0.8311688311688312,658.35,0.027949551060336097,172.42909090909092,True,0
0.9523809523809523,465.96,0.04072324482814791,134.32,True,0
0.0,293.37000000000006,0.06902144841509497,-6.0,False,0
0.8947368421052632,621.72,0.02972474882587242,174.60442105263158,True,1
0.5089285714285714,303.27000000000004,0.06637571976171117,40.00434375,True,1
0.06091370558375635,455.40000000000003,0.04177109440267335,2.7496446700507615,True,0
0.3064516129032258,496.98,0.037928353340539726,42.4785,True,1
0.0,608.19,0.03043885215088539,-6.0,False,0
0.2549019607843137,193.71000000000004,0.11527709732268938,7.267264705882356,True,0
0.3064516129032258,463.98,0.04091569321413228,38.93898387096774,True,1
0.5089285714285714,494.6700000000001,0.03812319510498175,74.09746875,True,1
0.0,605.22,0.030600223381630685,-6.0,False,0
0.8972332015810277,469.26,0.04040648928217872,127.23105533596839,True,0
0.8972332015810277,568.9200000000001,0.03272037170342255,158.52744664031624,True,1
0.06091370558375635,716.1,0.02554441535219363,8.307715736040608,True,0
0.032448377581120944,387.75,0.05001562988433886,-2.1074115044247783,False,0
0.0,161.37,0.147313372371377,-6.0,False,0
0.5089285714285714,556.0500000000001,0.033544383412302405,85.03078125,True,0
0.12790697674418605,428.01,0.04475824950486187,11.146377906976742,True,0
0.1693121693121693,494.3400000000001,0.038151193178566654,20.627555555555556,True,1
1.0,522.3900000000001,0.03590954385901912,161.08650000000003,True,1
0.0021413276231263384,536.2500000000001,0.034896401308615044,-5.631825481798715,False,0
0.49214659685863865,321.75000000000006,0.06194347657762291,41.67054973821989,True,1
0.06091370558375635,167.64000000000001,0.1397819401733296,-3.3853401015228424,False,0
0.5714285714285714,229.02000000000004,0.09315757603987143,30.804000000000002,True,1
0.45454545454545453,333.63,0.05939388539949812,39.918409090909094,True,0
0.0021413276231263384,294.36,0.06874742197167606,-5.813113490364025,False,0
0.5089285714285714,594.66,0.031188111092051714,91.90818749999998,True,1
0.032448377581120944,132.33,0.19629974971781908,-5.008199115044247,False,0
0.0,157.41000000000003,0.15250295474474815,-6.0,False,0
0.0,541.86,0.03450238929045837,-6.0,False,0
0.696078431372549,563.3100000000001,0.03307452517384797,120.27454411764705,True,1
0.0,161.37,0.147313372371377,-6.0,False,0
0.0,262.02000000000004,0.07899206129783956,-6.0,False,0
0.49214659685863865,735.9000000000001,0.02481235655356367,113.00842931937171,True,0
0.2549019607843137,630.3000000000001,0.02928900929926045,46.21794117647059,True,1
0.0021413276231263384,164.67000000000002,0.14325108333631772,-5.910311563169165,False,0
0.8311688311688312,500.61,0.03762616523530463,126.54109090909091,True,1
0.0,173.58,0.13332444503699753,-6.0,False,0
0.0,136.29,0.18778461105112437,-6.0,False,0
0.045454545454545456,298.98,0.06749687826938004,-1.9594090909090909,False,1
0.032448377581120944,136.62,0.1871082421180653,-4.959477876106195,False,0
0.0021413276231263384,622.38,0.029690770623951545,-5.5672740899357605,False,0
0.0,460.0200000000001,0.04130609884549453,-6.0,False,0
0.0,134.64000000000001,0.19124115509657677,-6.0,False,0
0.0,432.96,0.044187176881269066,-6.0,False,0
0.032448377581120944,729.3000000000001,0.02505166906745162,1.7715486725663725,True,0
0.29304029304029305,687.3900000000001,0.026686058535869396,59.88615384615386,True,1
0.0021413276231263384,132.0,0.19704433497536947,-5.934796573875803,False,0
0.0,129.36,0.20321072952651897,-6.0,False,0
0.29304029304029305,493.35,0.038235434689098124,39.98461538461539,True,0
0.0021413276231263384,575.19,0.03233342225024452,-5.602641327623126,False,0
0.0021413276231263384,390.72,0.049585957256904845,-5.740895074946467,False,0
0.0,534.6,0.0350140056022409,-6.0,False,0
0.8311688311688312,526.0200000000001,0.0356385537874873,133.93309090909094,True,1
0.09722222222222222,196.68,0.11301989150090416,-0.8386666666666667,False,0
0.2549019607843137,690.0300000000001,0.026576836957749473,51.54679411764706,True,1
0.0,134.97,0.19053970371076076,-6.0,False,0
0.17647058823529413,197.67000000000002,0.11228700558627853,3.4296176470588247,True,1
0.696078431372549,558.36,0.033393441528083885,119.0685882352941,True,1
0.032448377581120944,623.3700000000001,0.029639948722888707,0.5685088495575235,True,0
0.1693121693121693,295.02000000000004,0.0685659432959649,8.816,True,0
0.0,134.64000000000001,0.19124115509657677,-6.0,False,0
0.3064516129032258,392.70000000000005,0.04930358683594231,31.293629032258067,True,0
0.6770833333333334,393.03,0.04925683746475058,76.47585937499998,True,0
0.49214659685863865,685.08,0.026782366489903047,104.2546178010471,True,0
0.0,164.34,0.1436472024707319,-6.0,False,0
0.8311688311688312,534.2700000000001,0.03503762164624265,136.3330909090909,True,1
0.0,161.37,0.147313372371377,-6.0,False,0
0.3064516129032258,221.76000000000005,0.09698380370478128,12.958935483870974,True,0
0.5089285714285714,636.9000000000001,0.0289624212584172,99.4321875,True,1
0.0021413276231263384,218.79000000000002,0.09864121723262065,-5.869750535331906,False,0
0.8972332015810277,621.72,0.02972474882587242,175.1083162055336,True,1
0.0,159.39000000000001,0.14986324978457155,-6.0,False,0
0.5882352941176471,587.73,0.03158634522296012,105.7385294117647,True,1
0.0,168.96000000000004,0.13829345871940255,-6.0,False,0
0.0,157.41000000000003,0.15250295474474815,-6.0,False,0
0.045454545454545456,374.88,0.051966949020423016,-0.7519090909090913,False,0
0.0,356.73,0.05499264473376685,-6.0,False,0
0.2549019607843137,652.41,0.0282228760521841,48.190499999999986,True,0
0.8541666666666666,170.28000000000003,0.13683634373289544,31.453500000000005,True,1
0.0021413276231263384,462.99,0.04101260112169464,-5.686731263383297,False,1
0.0,132.66000000000003,0.19556077050943577,-6.0,False,0
0.6770833333333334,764.2800000000001,0.023833357166690498,164.45437500000003,True,0
0.5882352941176471,519.75,0.036109230422026635,91.74264705882352,True,0
0.0021413276231263384,440.88,0.04330316546139523,-5.703301927194861,False,0
0.045454545454545456,361.68,0.05413305905916744,-0.9619090909090913,False,0
0.0,167.64000000000001,0.1397819401733296,-6.0,False,0
0.12790697674418605,731.2800000000001,0.02497939200159868,24.723000000000003,True,0
0.29304029304029305,133.98000000000002,0.19265966669877657,3.126153846153848,True,1
0.0,131.67000000000002,0.1977945903179548,-6.0,False,0
0.045454545454545456,134.31000000000003,0.19194779020106525,-4.579159090909091,False,0
0.07876679783157894,503.58000000000004,0.037382478832171356,6.642307352361916,True,0
0.0,475.86,0.039787534565420654,-6.0,False,0
0.631578947368421,680.46,0.026977082968018668,134.47010526315788,True,0
0.8972332015810277,648.45,0.028408082099357267,183.5023814229249,True,1
0.1693121693121693,128.37,0.20562381123734128,-1.059555555555555,False,0
0.12227642214436499,330.00000000000006,0.060150375939849614,6.197073108900408,True,0
0.0,358.38,0.05470309893055442,-6.0,False,0
0.3064516129032258,530.3100000000001,0.03532351928222608,46.053411290322586,True,1
0.1693121693121693,367.95000000000005,0.05308207816336009,13.137777777777778,True,0
0.8947368421052632,563.6400000000001,0.03305348053149996,156.4162105263158,True,1
0.046153846153846156,198.99,0.11132448303693189,-3.5124692307692307,False,0
0.0,164.01000000000002,0.14404551838380927,-6.0,False,0
0.2549019607843137,220.77000000000004,0.09753005144710213,9.68144117647059,True,0
0.0,161.04,0.14773230905599055,-6.0,False,0
0.0021413276231263384,660.33,0.027859615398009432,-5.538831905781585,False,0
0.13095238095238096,670.5600000000001,0.027404017428955086,22.6715,True,0
0.0021413276231263384,233.31000000000003,0.09103529893716288,-5.858868308351178,False,0
0.0,135.63000000000002,0.18915212559701136,-6.0,False,0
0.8311688311688312,561.0000000000001,0.03322259136212624,144.10909090909092,True,1
0.8311688311688312,500.94000000000005,0.03759893219032579,126.63709090909092,True,1
0.0021413276231263384,385.11,0.050403860935747676,-5.7450995717344755,False,0
0.032448377581120944,459.36,0.04137189193661827,-1.2941415929203535,False,0
0.0,169.62,0.13756104271270378,-6.0,False,0
0.0,131.01000000000002,0.19931237231551147,-6.0,False,0
0.29304029304029305,619.08,0.029861442904921168,52.88,True,1
0.8972332015810277,365.97,0.0534095309307946,94.79472924901187,True,0
0.8311688311688312,329.01000000000005,0.060360047684437666,76.62109090909091,True,0
0.5714285714285714,459.69000000000005,0.041338969212802675,76.938,True,0
0.5089285714285714,629.97,0.029305532151831962,98.19778124999999,True,1
0.49214659685863865,462.65999999999997,0.04104500584891334,65.94248167539264,True,1
0.8311688311688312,500.2800000000001,0.037653437758867384,126.44509090909094,True,1
0.0,563.6400000000001,0.03305348053149996,-6.0,False,0
0.0,425.37000000000006,0.045068899079467734,-6.0,False,0
0.06091370558375635,335.94,0.0589223109330348,0.20278172588832444,True,0
0.0021413276231263384,621.3900000000001,0.029741767107092663,-5.5680160599571735,False,0
0.06091370558375635,355.74,0.05516784817808181,0.6249137055837561,True,1
0.29304029304029305,132.33,0.19629974971781908,2.9569230769230757,True,0
0.8972332015810277,651.7500000000001,0.028253575843192647,184.53868577075104,True,1
0.1693121693121693,581.7900000000001,0.031935872767482894,25.80977777777778,True,0
0.29304029304029305,655.0500000000001,0.028100741157048015,56.56923076923077,True,0
0.6938775510204082,532.6200000000001,0.03515618133558332,112.42200000000001,True,0
0.032448377581120944,131.67000000000002,0.1977945903179548,-5.015694690265486,False,0
0.0,397.65000000000003,0.048611533086224706,-6.0,False,0
0.032448377581120944,601.5900000000001,0.0307997936413826,0.3211548672566389,True,0
0.09828614193682907,625.35,0.029538825093231916,13.96412686556356,True,0
0.8972332015810277,464.31000000000006,0.04088349226790953,125.67659881422927,True,0
0.696078431372549,165.33,0.1424653631085942,23.315691176470587,True,1
0.032448377581120944,472.56000000000006,0.04009462331101399,-1.1442300884955747,False,0
0.696078431372549,530.3100000000001,0.03532351928222608,112.23483823529412,True,1
0.045454545454545456,495.65999999999997,0.03803944690644199,1.1695909090909078,True,0
0.0,165.66000000000003,0.142075726362151,-6.0,False,0
0.0,135.3,0.18984337921214997,-6.0,False,0
0.032448377581120944,721.38,0.02534500893411565,1.681601769911505,True,0
0.5089285714285714,135.3,0.18984337921214997,10.084687500000001,True,1
0.0021413276231263384,495.0,0.0380952380952381,-5.662740899357602,False,0
0.12790697674418605,621.0600000000001,0.029758804886395762,19.788732558139536,True,0
0.5882352941176471,684.0900000000001,0.02682385445376573,125.57735294117651,True,0
0.8541666666666666,363.00000000000006,0.053908355795148244,89.06875000000001,True,1
0.0,130.68,0.20008003201280514,-6.0,False,0
0.5882352941176471,555.72,0.03356605800214823,99.14823529411764,True,1
0.10526315789473684,438.24,0.04359387941932953,8.487789473684211,True,0
0.3064516129032258,582.7800000000001,0.031877081971916285,51.681241935483875,True,1
0.0,389.40000000000003,0.04977600796416127,-6.0,False,0
0.10526315789473684,661.98,0.027785109959572667,16.730842105263154,True,0
0.06091370558375635,588.3900000000001,0.031547980534896006,5.5849644670050775,True,0
0.29304029304029305,324.72,0.061285775571489856,22.68923076923077,True,0
0.0,132.99,0.19482733427499876,-6.0,False,0
0.49214659685863865,296.34000000000003,0.06820584524093715,37.29364397905758,True,0
0.0,136.95000000000002,0.18643672803542294,-6.0,False,0
0.5089285714285714,409.53,0.0470272875836204,58.93190624999998,True,1
0.0,127.71000000000002,0.2072646251101093,-6.0,False,0
0.0,130.68,0.20008003201280514,-6.0,False,0
0.6770833333333334,365.97,0.0534095309307946,70.063203125,True,0
0.0,258.06000000000006,0.08046023253007199,-6.0,False,0
0.0,329.01000000000005,0.060360047684437666,-6.0,False,0
0.09722222222222222,541.5300000000001,0.034525320006559806,10.895812500000002,True,1
0.09722222222222222,712.4700000000001,0.02568333729284783,16.712520833333336,True,0
0.0,163.35000000000002,0.14484881405033495,-6.0,False,0
0.045454545454545456,677.16,0.027117908666883614,4.057090909090906,True,0
0.8972332015810277,696.3000000000001,0.026320984404816738,198.52879446640318,True,1
0.0,168.96000000000004,0.13829345871940255,-6.0,False,0
0.0,571.23,0.032576738579817084,-6.0,False,0
0.8972332015810277,562.32,0.03313782019418762,156.45483794466406,True,1
0.0,130.35000000000002,0.20085362791865424,-6.0,False,0
0.49214659685863865,605.5500000000001,0.03058220880003058,90.55547120418846,True,1
0.29304029304029305,437.25,0.04370390603660202,34.23076923076923,True,0
0.49214659685863865,133.65,0.19337684312303602,9.27007853403141,True,0
0.0,597.63,0.031020496793256146,-6.0,False,0
0.29304029304029305,699.2700000000001,0.02620150265617733,61.1046153846154,True,1
0.0,333.63,0.05939388539949812,-6.0,False,0
0.13095238095238096,399.96000000000004,0.04829518014102192,10.269000000000002,True,0
0.046153846153846156,134.97,0.19053970371076076,-4.546638461538461,False,0
0.12790697674418605,406.23,0.0474569031997817,10.171343023255815,True,0
0.0021413276231263384,588.72,0.03152883311788631,-5.592501070663811,False,0
0.5882352941176471,315.48,0.06337938902268982,49.68705882352941,True,1
0.1,754.71,0.02415473523390842,18.83985,True,0
0.29304029304029305,623.0400000000001,0.029656870013938727,53.28615384615385,True,0
0.0,165.00000000000003,0.14285714285714282,-6.0,False,0
0.0,129.03000000000003,0.20400877237721216,-6.0,False,0
0.17647058823529413,531.63,0.03522770306569086,24.056558823529414,True,0
0.0,165.66000000000003,0.142075726362151,-6.0,False,0
0.905518178117288,598.95,0.030946578468918032,169.56412816882508,True,1
0.0,563.97,0.033032462652671915,-6.0,False,0
0.8972332015810277,525.0300000000001,0.03571205371092878,144.74459881422928,True,0
0.0,164.67000000000002,0.14325108333631772,-6.0,False,0
0.032448377581120944,741.51,0.024612506845353467,1.9102168141592921,True,0
0.6770833333333334,487.40999999999997,0.038748801208962604,98.84195312499999,True,0
0.49214659685863865,332.31000000000006,0.05966676113903847,43.48952356020942,True,0
0.696078431372549,339.24,0.058261477511069686,65.68494117647057,True,0
0.045454545454545456,489.06000000000006,0.0386048217422356,1.0645909090909091,True,0
0.5089285714285714,735.9000000000001,0.02481235655356367,117.0665625,True,0
0.8972332015810277,490.71,0.03846190828757969,133.96703359683795,True,1
0.0021413276231263384,260.37,0.07959723797584224,-5.838587794432549,False,0
0.0,169.95000000000002,0.13719773623735207,-6.0,False,0
0.045454545454545456,628.98,0.02935521275190442,3.290590909090909,True,0
0.8541666666666666,634.26,0.029092178567792053,170.1641875,True,1
0.0,166.65,0.14091949973577594,-6.0,False,0
0.0021413276231263384,355.41,0.055226497673583785,-5.767358672376874,False,0
0.0,719.07,0.025431864855070162,-6.0,False,0
0.032448377581120944,132.33,0.19629974971781908,-5.008199115044247,False,0
0.032448377581120944,364.32000000000005,0.053685510280775214,-2.3735044247787602,False,0
0.0021413276231263384,330.33,0.06008080868768494,-5.786155246252677,False,0
0.6770833333333334,596.97,0.03105758853353831,124.805390625,True,0
0.0021413276231263384,649.11,0.028377045807646193,-5.547240899357602,False,0
0.5714285714285714,534.6,0.0350140056022409,91.92,True,1
0.0,571.8900000000001,0.032535931869758665,-6.0,False,0
0.0,266.64000000000004,0.07734550235903781,-6.0,False,0
0.12790697674418605,535.5900000000001,0.0349433480968979,15.962459302325588,True,0
0.0021413276231263384,665.94,0.02760791242770178,-5.534627408993576,False,0
0.0,370.9200000000001,0.052598358931201336,-6.0,False,0
0.29304029304029305,429.99,0.04452805824270018,33.48615384615385,True,0
0.49214659685863865,520.41,0.0360591008663199,75.88999476439788,True,1
0.0,724.35,0.02523420496482983,-6.0,False,0
0.6666666666666666,476.5200000000001,0.03972668043858255,94.68800000000002,True,1
0.8311688311688312,592.0200000000001,0.03133862956172926,153.13309090909092,True,1
0.0,139.26000000000002,0.181867782122397,-6.0,False,0
0.06091370558375635,131.67000000000002,0.1977945903179548,-4.152213197969543,False,0
0.9523809523809523,619.41,0.029844287430332246,185.46999999999997,True,1
0.9523809523809523,584.4300000000001,0.031779576854934176,173.81,True,1
0.13095238095238096,359.04,0.054588132539985804,8.3935,True,0
0.0,163.68000000000004,0.14444604940054886,-6.0,False,0
0.6938775510204082,535.26,0.034966868891725095,113.06314285714284,True,1
0.032448377581120944,128.04,0.2064409578860446,-5.056920353982301,False,0
0.0021413276231263384,592.35,0.03131973534823631,-5.58978051391863,False,0
0.17647058823529413,695.9700000000001,0.026334327454194725,34.2069705882353,True,0
0.032448377581120944,474.5400000000001,0.0399098038433141,-1.1217433628318574,False,0
0.12790697674418605,132.33,0.19629974971781908,-2.0904593023255815,False,0
0.29304029304029305,129.03000000000003,0.20400877237721216,2.618461538461542,True,0
0.45454545454545453,302.28000000000003,0.06663113006396588,34.9309090909091,True,0
0.0021413276231263384,686.4000000000001,0.026727248429774152,-5.519293361884368,False,0
0.29304029304029305,623.7,0.029623046730356213,53.353846153846156,True,1
0.29304029304029305,329.34000000000003,0.06028999487535043,23.163076923076925,True,0
0.032448377581120944,336.93,0.058722492182568226,-2.684570796460177,False,0
0.0,487.74,0.03871991946256752,-6.0,False,0
0.3064516129032258,323.73,0.061503451881236834,23.896040322580646,True,1
0.0,756.0300000000001,0.02410989289180083,-6.0,False,0
0.0,518.1,0.036235166228825076,-6.0,False,0
0.0,128.04,0.2064409578860446,-6.0,False,0
0.0,254.76000000000005,0.08172605426610002,-6.0,False,0
0.06091370558375635,410.85,0.04685761143325719,1.79984771573604,True,0
0.29304029304029305,336.6,0.058788947677836566,23.907692307692304,True,1
0.8311688311688312,524.7,0.03573662110247476,133.54909090909092,True,0
0.3064516129032258,366.96000000000004,0.053245301102177726,28.532806451612906,True,0
0.0021413276231263384,131.34,0.19855058076044874,-5.935291220556746,False,0
0.8311688311688312,528.33,0.03546822490401411,134.6050909090909,True,1
0.0,160.05,0.14900353883404732,-6.0,False,0
0.8972332015810277,658.0200000000001,0.02796459682042534,186.5076640316206,True,0
0.0,544.83,0.03429737539334802,-6.0,False,0
0.0,365.97,0.0534095309307946,-6.0,False,0
0.045454545454545456,468.6,0.04046944556859571,0.7390909090909084,True,0
0.49214659685863865,460.0200000000001,0.04130609884549453,65.48773821989529,True,1
0.032448377581120944,592.6800000000001,0.03130086390384374,0.21996460176991217,True,0
0.29304029304029305,697.95,0.026254471464671327,60.969230769230776,True,0
0.032448377581120944,173.91000000000003,0.132983144386449,-4.535977876106195,False,0
0.0,627.66,0.029421716168704124,-6.0,False,0
0.0021413276231263384,396.0,0.04884004884004884,-5.736937901498929,False,0
0.5089285714285714,372.24,0.05238619100005239,52.28962499999999,True,0
0.6314851561645471,131.34,0.19855058076044874,13.082849934136448,True,0
0.0,736.8900000000001,0.0247768534634944,-6.0,False,0
0.1,131.67000000000002,0.1977945903179548,-2.96655,False,0
0.0,139.26000000000002,0.181867782122397,-6.0,False,0
0.6770833333333334,320.43,0.062240341077069106,59.27117187499999,True,1
0.032448377581120944,420.4200000000001,0.04566314299413228,-1.7363805309734506,False,0
0.045454545454545456,412.1700000000001,0.04668915527645815,-0.15865909090909014,False,0
0.49214659685863865,130.35000000000002,0.20085362791865424,8.701649214659685,True,0
0.0,374.55,0.052018986930229535,-6.0,False,0
0.9230769230769231,629.97,0.029305532151831962,182.9903076923077,True,1
0.0,158.4,0.15117157974300832,-6.0,False,0
0.29304029304029305,127.38000000000002,0.20809489127041927,2.4492307692307698,True,0
0.0,130.68,0.20008003201280514,-6.0,False,0
0.5089285714285714,497.31000000000006,0.03790068126474573,74.56771875,True,0
0.0,591.0300000000001,0.03139544922963416,-6.0,False,0
0.0021413276231263384,132.33,0.19629974971781908,-5.934549250535332,False,0
0.032448377581120944,498.63,0.03779039557096564,-0.8481548672566372,False,0
0.0021413276231263384,428.6700000000001,0.04468125509645566,-5.712452890792291,False,0
0.6770833333333334,373.23,0.05222818494000287,71.783671875,True,0
0.06091370558375635,608.5200000000001,0.030421027013871983,6.014131979695431,True,0
0.0,551.4300000000001,0.03385039816530842,-6.0,False,0
0.0,136.29,0.18778461105112437,-6.0,False,0
0.045454545454545456,136.29,0.18778461105112437,-4.547659090909091,False,0
0.0,329.01000000000005,0.060360047684437666,-6.0,False,0
0.0021413276231263384,127.38000000000002,0.20809489127041927,-5.938259100642398,False,0
0.0021413276231263384,234.63,0.09040160914864286,-5.857879014989293,False,0
0.8311688311688312,536.91,0.03484958049817476,137.10109090909089,True,1
0.45454545454545453,521.07,0.03600911030490714,69.7384090909091,True,0
0.6938775510204082,533.2800000000001,0.035108661306744365,112.5822857142857,True,1
0.032448377581120944,648.7800000000001,0.028392555471955253,0.8570884955752227,True,0
0.8947368421052632,495.33000000000004,0.03806732205906145,135.0243947368421,True,1
0.49214659685863865,232.32000000000005,0.09151642719868215,26.26611518324607,True,0
0.06091370558375635,330.99,0.05994215581963406,0.09724873096446718,True,0
0.0,129.36,0.20321072952651897,-6.0,False,0
0.0021413276231263384,135.96000000000004,0.1884658876743309,-5.93182869379015,False,0
0.0,168.3,0.13903371567605144,-6.0,False,0
0.0021413276231263384,294.36,0.06874742197167606,-5.813113490364025,False,0
0.5089285714285714,528.9900000000001,0.03541985814346813,80.21071875000001,True,0
0.1693121693121693,726.33,0.025160872327443594,34.37511111111111,True,0
0.7272727272727273,301.62000000000006,0.06680249841344064,59.32145454545456,True,1
0.13095238095238096,173.91000000000003,0.132983144386449,-0.09162499999999962,False,0
0.0,529.98,0.03534755483289444,-6.0,False,0
0.1693121693121693,371.58,0.05249206057583791,13.352888888888884,True,0
0.0,162.03000000000003,0.1464825868824843,-6.0,False,0
0.0,135.3,0.18984337921214997,-6.0,False,0
0.69407710624763,571.5600000000001,0.03255632243781742,121.91563437301323,True,1
0.2549019607843137,137.61,0.1851080568281734,2.2622647058823535,True,0
0.0021413276231263384,320.76000000000005,0.062165858510506024,-5.793327623126339,False,0
0.0,133.98000000000002,0.19265966669877657,-6.0,False,0
0.0,125.73000000000002,0.21234803843499492,-6.0,False,0
0.8972332015810277,463.98,0.04091569321413228,125.57296837944665,True,1
0.045454545454545456,593.01,0.031282015187418376,2.7183409090909088,True,0
0.0,136.29,0.18778461105112437,-6.0,False,0
1.0,525.69,0.0356630201228591,162.2415,True,1
0.09722222222222222,625.6800000000001,0.02952203820151743,13.759250000000002,True,0
0.4444444444444444,424.71,0.045147236424790356,53.06599999999999,True,0
0.0,160.71000000000004,0.14815363531982664,-6.0,False,0
0.2549019607843137,330.33,0.06008080868768494,19.45591176470588,True,0
0.0021413276231263384,682.44,0.026893287435456107,-5.522261241970021,False,1
0.7272727272727273,127.05000000000001,0.20893183598850873,14.885454545454543,True,0
0.0,171.60000000000002,0.13540961408259986,-6.0,False,0
0.0,151.47,0.16101115002213903,-6.0,False,0
0.06091370558375635,130.68,0.20008003201280514,-4.173319796954315,False,1
0.1693121693121693,171.93000000000004,0.13505756828848295,1.5217777777777801,True,0
0.0,346.50000000000006,0.05685856432125088,-6.0,False,0
0.5089285714285714,559.35,0.0333291671874349,85.61859374999999,True,0
0.8311688311688312,463.32000000000005,0.040980247520695026,115.69309090909093,True,1
0.0021413276231263384,354.09000000000003,0.05546234799850252,-5.768347965738758,False,0
0.12790697674418605,131.34,0.19855058076044874,-2.1347790697674425,False,0
0.0,530.97,0.03527554610954821,-6.0,False,0
0.046153846153846156,654.3900000000001,0.028131175672159277,3.843992307692309,True,0
0.29304029304029305,130.35000000000002,0.20085362791865424,2.7538461538461547,True,0
0.0,165.66000000000003,0.142075726362151,-6.0,False,0
0.09722222222222222,726.0000000000001,0.02517306482064191,17.17291666666667,True,1
0.5882352941176471,331.65000000000003,0.059804141436794495,53.016176470588235,True,0
0.29304029304029305,327.03000000000003,0.06078380719376358,22.92615384615385,True,0
0.6770833333333334,662.9700000000001,0.02774059767117682,140.44601562500003,True,0
0.06091370558375635,695.3100000000001,0.026361054178556602,7.864477157360406,True,0
0.032448377581120944,131.67000000000002,0.1977945903179548,-5.015694690265486,False,0
0.0,135.96000000000004,0.1884658876743309,-6.0,False,0
0.1693121693121693,495.0,0.0380952380952381,20.666666666666664,True,1
0.0,132.0,0.19704433497536947,-6.0,False,0
0.032448377581120944,388.74,0.049871580679749644,-2.09616814159292,False,0
0.8972332015810277,495.33000000000004,0.03806732205906145,135.4178596837945,True,1
0.0,135.63000000000002,0.18915212559701136,-6.0,False,0
0.49214659685863865,560.01,0.03328645490933602,82.71114659685861,True,0
0.3064516129032258,463.98,0.04091569321413228,38.93898387096774,True,1
0.8972332015810277,650.1,0.02833061831574474,184.02053359683796,True,1
0.8972332015810277,460.35,0.041273280709900426,124.43303359683796,True,1
0.046153846153846156,623.3700000000001,0.029639948722888707,3.342900000000002,True,1
0.0021413276231263384,527.6700000000001,0.03551672393738401,-5.6382558886509635,False,0
0.0,137.94,0.1844507977497003,-6.0,False,0
0.0,590.3700000000001,0.03143344361233134,-6.0,False,0
0.0,128.70000000000002,0.20481310803891445,-6.0,False,0
0.09722222222222222,439.56000000000006,0.04344803614876607,7.426,True,0
0.0,394.35,0.049070723179782866,-6.0,False,0
0.8541666666666666,603.2400000000001,0.0307087581378209,160.89050000000003,True,1
0.2549019607843137,468.6,0.04046944556859571,31.79176470588235,True,1
0.13095238095238096,695.6400000000001,0.02634768403857301,23.821,True,0
0.49214659685863865,331.98,0.05973537230070786,43.43268062827224,True,0
0.29304029304029305,588.72,0.03152883311788631,49.76615384615385,True,0
0.032448377581120944,124.74,0.21498441363001186,-5.094398230088496,False,0
0.8972332015810277,543.1800000000001,0.03441097021730528,150.44427272727276,True,1
0.0,561.0000000000001,0.03322259136212624,-6.0,False,0
0.2549019607843137,594.33,0.031206846782184012,43.008852941176464,True,1
0.631578947368421,661.32,0.027814864263462392,130.23915789473682,True,1
0.0,597.96,0.031001984126984128,-6.0,False,0
0.0,521.73,0.035959258160504146,-6.0,False,0
0.0,132.99,0.19482733427499876,-6.0,False,0
0.12790697674418605,134.97,0.19053970371076076,-1.9722732558139544,False,0
0.0,131.67000000000002,0.1977945903179548,-6.0,False,0
0.13095238095238096,647.7900000000001,0.028439186354878385,21.627875000000003,True,0
0.032448377581120944,437.25,0.04370390603660202,-1.545243362831858,False,0
0.7272727272727273,529.32,0.03539572419651706,117.28145454545454,True,1
0.0,562.98,0.03309559663086826,-6.0,False,0
0.2549019607843137,352.77000000000004,0.055700221408380095,21.457911764705884,True,0
0.29304029304029305,534.6,0.0350140056022409,44.215384615384615,True,0
0.1693121693121693,627.0000000000001,0.02945508100147275,28.488888888888894,True,0
0.29304029304029305,517.7700000000001,0.03626045887610708,42.48923076923078,True,1
0.1693121693121693,563.97,0.033032462652671915,24.753777777777774,True,1
0.06091370558375635,647.7900000000001,0.028439186354878385,6.85136040609137,True,0
0.3064516129032258,694.32,0.026401246138817752,63.64480645161291,True,0
0.2549019607843137,323.73,0.061503451881236834,18.86708823529412,True,0
0.0,126.39000000000001,0.21062608604075614,-6.0,False,0
0.032448377581120944,526.0200000000001,0.0356385537874873,-0.5370884955752198,False,0
0.0021413276231263384,174.57000000000002,0.1323057586081434,-5.902891862955032,False,0
0.06091370558375635,456.06000000000006,0.041704026523760866,2.7637157360406093,True,0
0.29304029304029305,559.35,0.0333291671874349,46.753846153846155,True,0
0.29304029304029305,566.2800000000001,0.032886082609839516,47.46461538461539,True,0
0.8311688311688312,128.04,0.2064409578860446,18.157090909090904,True,0
0.3064516129032258,297.00000000000006,0.06802721088435373,21.029032258064518,True,0
0.0,654.7200000000001,0.028115950178536277,-6.0,False,0
0.8311688311688312,668.58,0.02749103105111957,175.40509090909092,True,0
0.17647058823529413,600.6,0.0308546744831842,28.316470588235298,True,0
0.5882352941176471,327.03000000000003,0.06078380719376358,52.065,True,1
0.29304029304029305,520.08,0.036084148233680946,42.72615384615385,True,0
0.0,609.1800000000001,0.03038543929748864,-6.0,False,0
0.0,447.48,0.042593065848879806,-6.0,False,0
0.0021413276231263384,129.03000000000003,0.20400877237721216,-5.9370224839400425,False,0
0.1693121693121693,630.3000000000001,0.02928900929926045,28.684444444444445,True,0
0.0,133.65,0.19337684312303602,-6.0,False,1
0.12790697674418605,221.10000000000002,0.09734728644439035,1.883546511627907,True,1
0.29304029304029305,327.36000000000007,0.060712767895088324,22.960000000000004,True,1
0.8972332015810277,595.6500000000001,0.03113203875938825,166.92151185770754,True,0
0.2549019607843137,622.38,0.029690770623951545,45.51135294117646,True,0
0.0,170.61,0.13647685011429936,-6.0,False,0
0.8972332015810277,525.0300000000001,0.03571205371092878,144.74459881422928,True,0
0.032448377581120944,336.6,0.058788947677836566,-2.688318584070796,False,0
0.8947368421052632,166.98000000000002,0.1405382615417047,32.199,True,1
0.046153846153846156,130.02,0.20163322915616494,-4.6266,False,0
0.49214659685863865,632.94,0.029157494204948026,95.2734345549738,True,1
1.0,515.13,0.03646407832484025,158.54549999999998,True,1
0.3064516129032258,692.01,0.026495505699845663,63.39704032258064,True,0
0.0,421.08000000000004,0.04558300665511897,-6.0,False,0
0.29304029304029305,368.94,0.05291985288280899,27.224615384615383,True,1
0.0,532.6200000000001,0.03515618133558332,-6.0,False,0
0.06091370558375635,166.65,0.14091949973577594,-3.406446700507614,False,0
0.10526315789473684,270.93,0.07587685186941595,2.323736842105264,True,1
0.0,128.70000000000002,0.20481310803891445,-6.0,False,0
0.696078431372549,519.75,0.036109230422026635,109.66213235294117,True,0
0.0,335.28000000000003,0.05905628063544558,-6.0,False,0
0.8311688311688312,652.41,0.0282228760521841,170.70109090909088,True,0
0.6770833333333334,665.2800000000001,0.027637288229278942,140.99343750000003,True,0
0.0,133.65,0.19337684312303602,-6.0,False,0
0.8972332015810277,626.3400000000001,0.02948852159296993,176.55914229249018,True,0
0.06091370558375635,555.72,0.03356605800214823,4.888446700507613,True,0
0.0,160.71000000000004,0.14815363531982664,-6.0,False,0
0.8311688311688312,514.47,0.03651534100764083,130.5730909090909,True,1
0.0,557.0400000000001,0.03347952726907496,-6.0,False,0
0.1693121693121693,491.0400000000001,0.03843345247703601,20.432000000000002,True,0
0.0021413276231263384,129.69,0.2024189059258135,-5.936527837259101,False,0
0.1693121693121693,699.9300000000001,0.026175098320213065,32.81066666666667,True,0
0.0,130.02,0.20163322915616494,-6.0,False,0
0.06091370558375635,615.45,0.03005146313061117,6.161878172588832,True,0
0.0,159.39000000000001,0.14986324978457155,-6.0,False,0
0.2549019607843137,531.63,0.03522770306569086,37.4150294117647,True,0
0.032448377581120944,341.88,0.05774338838203027,-2.628353982300885,False,0
0.0,361.35,0.0541895278737384,-6.0,False,0
0.7050694500824916,627.33,0.02943838913134673,137.70408250328805,True,1
0.5089285714285714,556.38,0.03352273679623205,85.08956249999999,True,0
0.0021413276231263384,563.97,0.033032462652671915,-5.611050321199143,False,0
0.12790697674418605,336.93,0.058722492182568226,7.068959302325581,True,0
0.046153846153846156,480.15000000000003,0.03939528241493081,1.0293461538461548,True,0
0.17647058823529413,621.3900000000001,0.029741767107092663,29.60055882352942,True,0
0.032448377581120944,591.36,0.03137648646104609,0.20497345132743394,True,0
0.3064516129032258,693.9900000000001,0.026414670708111283,63.60941129032258,True,0
0.0,466.2900000000001,0.040691345967996256,-6.0,False,0
0.1693121693121693,136.62,0.1871082421180653,-0.570666666666666,False,0
0.49214659685863865,355.41,0.055226497673583785,47.46852879581151,True,1
0.0021413276231263384,134.97,0.19053970371076076,-5.932570663811563,False,0
0.1693121693121693,648.45,0.028408082099357267,29.760000000000005,True,1
0.5882352941176471,565.6200000000001,0.03292777293007787,101.18647058823531,True,1
0.0021413276231263384,715.44,0.025569561993403052,-5.497528907922912,False,1
0.032448377581120944,124.08000000000001,0.21677866897897244,-5.101893805309734,False,0
0.0,132.66000000000003,0.19556077050943577,-6.0,False,0
0.1693121693121693,327.03000000000003,0.06078380719376358,10.712888888888887,True,0
0.0,164.01000000000002,0.14404551838380927,-6.0,False,0
0.0021413276231263384,168.63000000000002,0.13866259923042257,-5.9073436830835115,False,0
0.0,556.38,0.03352273679623205,-6.0,False,0
0.06091370558375635,724.35,0.02523420496482983,8.483604060913704,True,1
0.696078431372549,195.36,0.11401208528103977,30.63182352941176,True,1
0.0,402.93,0.047894440652801226,-6.0,False,0
0.09722222222222222,590.0400000000001,0.03145247530980688,12.546500000000002,True,0
0.1693121693121693,662.3100000000001,0.02777025666659724,30.581333333333333,True,0
0.0,130.02,0.20163322915616494,-6.0,False,0
0.9523809523809523,658.6800000000001,0.027934521481647018,198.56,True,1
0.49214659685863865,161.04,0.14773230905599055,13.988041884816745,True,1
0.045454545454545456,256.41,0.08108820369356769,-2.636659090909091,False,0
0.2549019607843137,487.40999999999997,0.038748801208962604,33.46991176470587,True,0
0.8541666666666666,276.54,0.07403842594306445,63.22081250000001,True,1
0.0,555.72,0.03356605800214823,-6.0,False,0
0.6770833333333334,586.41,0.03166335520743456,122.30289062499997,True,0
0.6770833333333334,668.2500000000001,0.027505587072374073,141.69726562500003,True,1
0.12790697674418605,130.68,0.20008003201280514,-2.1643255813953495,False,0
0.1693121693121693,386.76000000000005,0.050160513643659706,14.252444444444443,True,1
0.0021413276231263384,570.2400000000001,0.03263814093149254,-5.606351177730192,False,0
0.1693121693121693,294.36,0.06874742197167606,8.77688888888889,True,1
0.5882352941176471,628.32,0.02938842683751139,114.09529411764707,True,1
0.0,627.66,0.029421716168704124,-6.0,False,0
0.8972332015810277,628.32,0.02938842683751139,177.1809249011858,True,1
0.032448377581120944,759.33,0.02399851209225028,2.112597345132743,True,0
0.696078431372549,589.71,0.031471530067113035,126.70630882352938,True,1
0.032448377581120944,445.1700000000001,0.042838936309211435,-1.4552964601769904,False,0
0.0,132.66000000000003,0.19556077050943577,-6.0,False,0
0.0,129.36,0.20321072952651897,-6.0,False,0
0.032448377581120944,653.73,0.02816167618296641,0.9133053097345138,True,0
0.06091370558375635,131.67000000000002,0.1977945903179548,-4.152213197969543,False,0
0.17647058823529413,371.58,0.05249206057583791,14.171117647058821,True,0
0.8972332015810277,305.91,0.06570410157854104,75.93399011857709,True,0
0.0,453.75,0.04193971166448231,-6.0,False,0
0.0021413276231263384,133.65,0.19337684312303602,-5.933559957173448,False,1
0.0021413276231263384,128.70000000000002,0.20481310803891445,-5.937269807280514,False,0
0.29304029304029305,553.41,0.03371856797241821,46.144615384615385,True,0
0.0,723.0300000000001,0.025283331331736266,-6.0,False,0
0.6938775510204082,630.96,0.0292560194259969,136.30457142857142,True,1
0.0021413276231263384,192.72000000000003,0.1160496692584426,-5.889289079229122,False,1
0.696078431372549,532.2900000000001,0.03517998962190306,112.71722058823528,True,1
0.032448377581120944,567.2700000000001,0.032823744696913744,-0.0686150442477862,False,1
0.5882352941176471,654.3900000000001,0.028131175672159277,119.46264705882355,True,0
0.3064516129032258,296.01000000000005,0.0682955146920726,20.92284677419355,True,1
0.8972332015810277,646.4700000000001,0.028501599652280482,182.8805988142293,True,1
0.032448377581120944,358.05,0.054760763912656586,-2.4447123893805305,False,0
0.2549019607843137,595.32,0.031150707121051648,43.09717647058823,True,1
0.0,141.57000000000002,0.17751741889672923,-6.0,False,0
0.032448377581120944,532.2900000000001,0.03517998962190306,-0.4658805309734504,False,0
0.8972332015810277,555.0600000000001,0.033609491320348864,154.17496837944668,True,1
0.0021413276231263384,667.5900000000001,0.027534745406860274,-5.53339079229122,False,0
0.716741639337491,585.7500000000001,0.03170200118882504,129.65231451511193,True,0
0.0,137.28000000000003,0.18577001671930146,-6.0,False,0
0.0,291.06000000000006,0.0696694186087017,-6.0,False,0
0.3064516129032258,598.6200000000001,0.030965025004257688,53.38020967741936,True,0
0.6911762236809328,528.66,0.03544402502348167,111.00300232093197,True,0
0.49214659685863865,427.68,0.04479684630202034,59.917130890052334,True,0
0.5882352941176471,379.83,0.05119868931355358,62.935588235294105,True,0
0.1693121693121693,722.3700000000001,0.025307966315096832,34.14044444444445,True,0
0.032448377581120944,355.41,0.055226497673583785,-2.474694690265486,False,0
0.29304029304029305,368.28000000000003,0.053027892671545236,27.15692307692308,True,0
0.0021413276231263384,414.48,0.04639725328260567,-5.723087794432548,False,0
1.0,523.71,0.03581052650426593,161.5485,True,1
0.13095238095238096,360.03000000000003,0.054416586175466276,8.438875,True,0
0.5089285714285714,594.0000000000001,0.031225604996096792,91.790625,True,1
0.631578947368421,337.26000000000005,0.05865618676129864,58.60484210526316,True,0
0.1693121693121693,713.46,0.02564529985766859,33.61244444444444,True,0
0.06091370558375635,132.0,0.19704433497536947,-4.14517766497462,False,0
0.0,677.4900000000001,0.02710375996910171,-6.0,False,0
0.0021413276231263384,521.4000000000001,0.035984166966534725,-5.6429550321199144,False,0
0.0021413276231263384,354.75000000000006,0.05534417156693185,-5.767853319057815,False,0
0.12790697674418605,699.2700000000001,0.02620150265617733,23.289994186046513,True,1
0.17647058823529413,676.5000000000001,0.02714625042416016,33.00441176470589,True,0
0.5882352941176471,667.5900000000001,0.027534745406860274,122.18029411764707,True,0
0.5089285714285714,358.38,0.05470309893055442,49.82081249999999,True,1
0.0021413276231263384,126.72,0.20977554017201597,-5.93875374732334,False,0
0.032448377581120944,458.70000000000005,0.041437894954936286,-1.3016371681415926,False,0
0.4444444444444444,363.00000000000006,0.053908355795148244,43.46666666666667,True,0
0.0,395.01000000000005,0.04897819245980727,-6.0,False,0
0.8972332015810277,467.94000000000005,0.04053259834221673,126.81653359683796,True,1
0.5089285714285714,606.21,0.03054624319391519,93.96553125,True,1
0.8972332015810277,673.86,0.02726021235705426,191.48192490118578,True,1
0.0,746.46,0.024438823515035988,-6.0,False,0
0.0021413276231263384,169.95000000000002,0.13719773623735207,-5.906354389721628,False,0
0.0021413276231263384,539.5500000000001,0.0346635469474414,-5.629352248394004,False,0
0.12790697674418605,620.4000000000001,0.029792939073439592,19.75918604651163,True,0
0.06091370558375635,331.65000000000003,0.059804141436794495,0.11131979695431493,True,0
0.0,765.9300000000001,0.023778809513901687,-6.0,False,0
0.2549019607843137,528.0,0.035492457852706306,37.09117647058823,True,0
0.3064516129032258,191.73000000000002,0.11683266641352921,9.737975806451614,True,0
0.5089285714285714,563.97,0.033032462652671915,86.44153125,True,0
0.13095238095238096,364.98,0.05357477699499076,8.66575,True,0
0.0,451.7700000000001,0.04214385805948605,-6.0,False,0
0.032448377581120944,354.75000000000006,0.05534417156693185,-2.482190265486725,False,0
0.0021413276231263384,297.00000000000006,0.06802721088435373,-5.811134903640257,False,0
0.0021413276231263384,139.92000000000002,0.18060321473722232,-5.928860813704497,False,0
0.5089285714285714,569.2500000000001,0.03269977518904557,87.38203125000001,True,0
0.5882352941176471,656.3700000000001,0.028040069258971064,119.87029411764708,True,1
0.0,167.31000000000003,0.14015908055643153,-6.0,False,0
0.9230769230769231,490.71,0.03846190828757969,137.9986153846154,True,1
0.3064516129032258,487.40999999999997,0.038748801208962604,41.452040322580636,True,1
0.6770833333333334,531.96,0.035203830176723225,109.399375,True,0
0.17647058823529413,493.35,0.038235434689098124,21.692205882352944,True,0
0.06091370558375635,527.6700000000001,0.03551672393738401,4.290426395939086,True,0
0.0,131.34,0.19855058076044874,-6.0,False,0
0.0,133.65,0.19337684312303602,-6.0,False,0
0.8311688311688312,689.0400000000001,0.026617690116851656,181.3570909090909,True,0
0.8972332015810277,619.41,0.029844287430332246,174.38290316205533,True,1
0.0,494.01,0.038179232406532475,-6.0,False,0
0.032448377581120944,425.70000000000005,0.04502983226387482,-1.6764159292035394,False,0
0.046153846153846156,123.75,0.21768707482993196,-4.727884615384616,False,0
1.0,504.24,0.037328754339467696,154.73399999999998,True,1
0.5089285714285714,535.5900000000001,0.0349433480968979,81.38634375000001,True,1
0.49214659685863865,461.6700000000001,0.041142528002633114,65.77195287958115,True,1
0.06091370558375635,586.08,0.031682666413205336,5.535715736040608,True,0
0.2549019607843137,500.94000000000005,0.03759893219032579,34.677,True,0
0.29304029304029305,456.3900000000001,0.04167057328291193,36.19384615384617,True,0
0.5882352941176471,531.96,0.035203830176723225,94.2564705882353,True,1
0.8972332015810277,620.4000000000001,0.029792939073439592,174.6937944664032,True,1
0.0,131.01000000000002,0.19931237231551147,-6.0,False,0
0.0021413276231263384,540.21,0.03461734848419285,-5.628857601713062,False,0
0.696078431372549,161.37,0.147313372371377,22.350926470588234,True,1
0.0,756.36,0.024098708309234624,-6.0,False,0
0.032448377581120944,625.6800000000001,0.02952203820151743,0.594743362831859,True,0
0.0,420.4200000000001,0.04566314299413228,-6.0,False,0
0.0,599.2800000000001,0.030928153898493797,-6.0,False,0
0.0021413276231263384,387.75,0.05001562988433886,-5.743120985010707,False,0
0.06091370558375635,673.86,0.02726021235705426,7.407167512690354,True,1
0.0,132.0,0.19704433497536947,-6.0,False,0
0.5882352941176471,490.38,0.03849040626623815,85.69588235294117,True,1
1.0,509.19000000000005,0.03693069032692894,156.4665,True,1
0.032448377581120944,167.31000000000003,0.14015908055643153,-4.610933628318584,False,0
0.49214659685863865,529.98,0.03534755483289444,77.5384397905759,True,1
0.0021413276231263384,124.41000000000003,0.21587781315775265,-5.940485010706638,False,0
0.49214659685863865,709.5000000000001,0.025798129635601418,108.4609947643979,True,0
0.696078431372549,636.9000000000001,0.0289624212584172,138.2030882352941,True,1
0.0,596.97,0.03105758853353831,-6.0,False,0
0.032448377581120944,746.7900000000001,0.024427331741485547,1.970181415929205,True,1
0.29304029304029305,333.3,0.05946187007581388,23.569230769230767,True,0
0.5882352941176471,731.94,0.024955392236377476,135.42882352941177,True,1
0.06091370558375635,289.08,0.07023458350891981,-0.7962639593908634,False,0
0.1693121693121693,402.27,0.04798291808116311,15.17155555555555,True,0
0.0,130.02,0.20163322915616494,-6.0,False,0
0.0,325.71000000000004,0.0610696346509107,-6.0,False,1
0.6938775510204082,495.99,0.03801161254763331,103.52614285714284,True,1
1.0,686.73,0.026713504344283646,218.60549999999998,True,1
0.6938775510204082,651.4200000000001,0.028268950797891133,141.27342857142858,True,0
0.5882352941176471,334.29,0.05925838135731322,53.559705882352944,True,1
0.1693121693121693,380.49,0.05109796757833957,13.880888888888887,True,0
0.2549019607843137,682.7700000000001,0.026879372097867792,50.899088235294116,True,1
0.0,596.97,0.03105758853353831,-6.0,False,0
0.29304029304029305,519.75,0.036109230422026635,42.69230769230769,True,0
0.0,305.91,0.06570410157854104,-6.0,False,0
0.5089285714285714,494.01,0.038179232406532475,73.97990624999998,True,0
0.0,132.0,0.19704433497536947,-6.0,False,0
0.0021413276231263384,132.33,0.19629974971781908,-5.934549250535332,False,0
0.1693121693121693,462.99,0.04101260112169464,18.769777777777776,True,1
0.8311688311688312,630.96,0.0292560194259969,164.4610909090909,True,0
0.8311688311688312,632.94,0.029157494204948026,165.03709090909092,True,0
0.696078431372549,518.1,0.036235166228825076,109.26014705882352,True,0
0.0,132.66000000000003,0.19556077050943577,-6.0,False,0
0.5089285714285714,627.33,0.02943838913134673,97.72753125,True,1
0.0,133.65,0.19337684312303602,-6.0,False,0
1.0,491.37000000000006,0.03840503874108283,150.2295,True,1
0.4444444444444444,530.6400000000001,0.03529951639662536,69.544,True,1
0.8541666666666666,567.2700000000001,0.032823744696913744,150.13696875000002,True,0
0.0,130.35000000000002,0.20085362791865424,-6.0,False,0
0.49214659685863865,288.75000000000006,0.07032967032967032,35.98625654450261,True,0
0.5089285714285714,693.33,0.0264415608453367,109.48378124999999,True,0
0.5089285714285714,651.0900000000001,0.028284342495103268,101.95978125,True,1
0.13095238095238096,596.97,0.03105758853353831,19.298624999999998,True,0
0.29304029304029305,297.99,0.06776100692856296,19.947692307692307,True,1
0.0,161.04,0.14773230905599055,-6.0,False,0
0.0,165.00000000000003,0.14285714285714282,-6.0,False,0
0.5089285714285714,521.07,0.03600911030490714,78.79996874999999,True,1
0.045454545454545456,136.62,0.1871082421180653,-4.542409090909091,False,0
0.49214659685863865,498.30000000000007,0.03781790677885979,72.08151832460732,True,0
0.0,138.60000000000002,0.1831501831501831,-6.0,False,0
0.0,314.16,0.06369021081459779,-6.0,False,0
0.8947368421052632,632.61,0.02917386896556754,178.01471052631578,True,1
0.3064516129032258,635.91,0.029010944378766893,57.3798629032258,True,0
0.13095238095238096,698.61,0.026227960317096042,23.957124999999998,True,0
0.045454545454545456,496.98,0.037928353340539726,1.1905909090909086,True,1
0.0021413276231263384,596.6400000000001,0.031076167687000836,-5.586565310492505,False,0
0.0,556.71,0.03350111809981658,-6.0,False,0
0.0021413276231263384,513.48,0.036592505854800936,-5.648890792291221,False,0
0.0,755.7,0.024121087861062533,-6.0,False,0
0.9523809523809523,493.0200000000001,0.03826359792611299,143.34000000000003,True,1
0.0,651.0900000000001,0.028284342495103268,-6.0,False,0
0.045454545454545456,130.68,0.20008003201280514,-4.636909090909091,False,0
0.032448377581120944,368.61000000000007,0.052973817690606405,-2.3247831858407073,False,1
0.06091370558375635,507.5400000000001,0.037062431666141614,3.8612588832487305,True,0
0.0,135.63000000000002,0.18915212559701136,-6.0,False,0
0.046153846153846156,563.6400000000001,0.03305348053149996,2.3780307692307705,True,0
0.8311688311688312,323.40000000000003,0.06157635467980295,74.9890909090909,True,0
0.8972332015810277,497.97,0.037845458071963135,136.24690316205536,True,1
0.12790697674418605,745.1400000000001,0.02448489893857963,25.343476744186052,True,0
0.0021413276231263384,171.60000000000002,0.13540961408259986,-5.905117773019272,False,0
0.0,138.27,0.18379818958783256,-6.0,False,0
0.1693121693121693,340.89000000000004,0.05793658840399182,11.534222222222223,True,0
0.0,557.7,0.03343642898938393,-6.0,False,0
0.0,159.39000000000001,0.14986324978457155,-6.0,False,0
0.0021413276231263384,364.65000000000003,0.053630086478514444,-5.760433618843683,False,1
0.0,168.96000000000004,0.13829345871940255,-6.0,False,0
0.046153846153846156,364.98,0.05357477699499076,-0.8310923076923071,False,0
0.5714285714285714,302.28000000000003,0.06663113006396588,45.456,True,1
0.29304029304029305,582.1200000000001,0.031916251755393844,49.08923076923078,True,0
0.032448377581120944,557.0400000000001,0.03347952726907496,-0.18479646017699025,False,0
0.0,131.34,0.19855058076044874,-6.0,False,0
0.0,511.5,0.03674781809830042,-6.0,False,1
0.0,168.63000000000002,0.13866259923042257,-6.0,False,0
0.1693121693121693,461.6700000000001,0.041142528002633114,18.691555555555556,True,0
0.0,164.01000000000002,0.14404551838380927,-6.0,False,0
0.0,133.98000000000002,0.19265966669877657,-6.0,False,0
0.6770833333333334,660.33,0.027859615398009432,139.82039062500002,True,1
0.0,132.66000000000003,0.19556077050943577,-6.0,False,0
0.0,500.61,0.03762616523530463,-6.0,False,0
0.0021413276231263384,134.31000000000003,0.19194779020106525,-5.9330653104925055,False,0
0.0021413276231263384,138.93,0.18250672993566636,-5.92960278372591,False,0
0.8541666666666666,526.35,0.035614120998976095,137.90359375,True,0
0.1693121693121693,661.6500000000001,0.027799979150015634,30.54222222222223,True,0
0.0,501.93,0.037517469071536434,-6.0,False,0
0.2549019607843137,463.98,0.04091569321413228,31.379588235294115,True,0
0.0,741.8400000000001,0.024600851189451153,-6.0,False,0
0.0,128.37,0.20562381123734128,-6.0,False,0
0.0,128.37,0.20562381123734128,-6.0,False,0
0.0,131.67000000000002,0.1977945903179548,-6.0,False,0
0.0,448.47,0.04248855464559235,-6.0,False,0
0.046153846153846156,322.08,0.061869702406731425,-1.5240923076923076,False,0
0.12790697674418605,601.5900000000001,0.0307997936413826,18.917110465116284,True,0
0.6770833333333334,691.35,0.026522560753240727,147.171484375,True,1
0.048755918521973474,759.33,0.02399851209225028,6.18973534723046,True,0
0.032448377581120944,664.6200000000001,0.027666726611240988,1.036982300884957,True,0
0.49214659685863865,652.08,0.028238217603704853,98.57032460732982,True,0
0.0,319.44,0.06246486351427323,-6.0,False,0
0.49214659685863865,480.81000000000006,0.03933562135530883,69.06884293193717,True,1
1.0,504.57000000000005,0.03730194995943413,154.8495,True,1
0.5089285714285714,550.44,0.03391670058336725,84.0315,True,0
0.45547975464233775,663.63,0.02771100196055339,92.62070421503628,True,0
0.8972332015810277,463.98,0.04091569321413228,125.57296837944665,True,1
0.8972332015810277,560.3400000000001,0.03326513979674999,155.83305533596842,True,1
0.0021413276231263384,464.97,0.04081924219076873,-5.685247323340471,False,0
0.2549019607843137,575.85,0.032293222459936224,41.36014705882352,True,1
0.8972332015810277,494.3400000000001,0.038151193178566654,135.10696837944667,True,1
0.0021413276231263384,673.86,0.02726021235705426,-5.52869164882227,False,0
0.1693121693121693,628.98,0.02935521275190442,28.60622222222222,True,0
0.032448377581120944,705.21,0.025965764139981435,1.4979601769911506,True,0
0.49699413851227087,464.97,0.04081924219076873,67.05291992284944,True,0
0.8541666666666666,256.74,0.08096182649880582,57.301437500000006,True,0
0.2549019607843137,532.6200000000001,0.03515618133558332,37.50335294117647,True,0
0.6770833333333334,550.7700000000001,0.033894570937100146,113.85695312500002,True,0
0.032448377581120944,296.6700000000001,0.06811641094630723,-3.1418008849557513,False,0
0.49214659685863865,597.96,0.031001984126984128,89.2480837696335,True,0
0.696078431372549,658.6800000000001,0.027934521481647018,143.50929411764704,True,1
0.1693121693121693,634.26,0.029092178567792053,28.919111111111107,True,0
0.0021413276231263384,554.4000000000001,0.03365303718660609,-5.618222698072805,False,0
0.0,394.68,0.04902441415825081,-6.0,False,0
0.1693121693121693,162.36,0.14607069821793747,0.9546666666666681,True,0
0.0021413276231263384,132.99,0.19482733427499876,-5.934054603854389,False,0
0.06091370558375635,337.26000000000005,0.05865618676129864,0.23092385786802083,True,0
0.0,763.95,0.02384429674227296,-6.0,False,0
0.5882352941176471,499.2900000000001,0.03773549306138621,87.53029411764707,True,1
0.2549019607843137,130.02,0.20163322915616494,1.5851176470588246,True,1
0.0021413276231263384,716.76,0.02551931812381973,-5.496539614561028,False,1
0.13095238095238096,126.39000000000001,0.21062608604075614,-2.2696249999999996,False,0
0.29304029304029305,321.4200000000001,0.062017426896958036,22.350769230769234,True,1
0.5882352941176471,594.0000000000001,0.031225604996096792,107.0294117647059,True,1
0.0,130.02,0.20163322915616494,-6.0,False,0
0.0,132.0,0.19704433497536947,-6.0,False,0
0.6938775510204082,447.15000000000003,0.04262801726434699,91.66499999999999,True,1
0.29304029304029305,259.38,0.07996481548118829,15.987692307692306,True,1
0.0,174.9,0.13196964698119434,-6.0,False,0
0.4444444444444444,328.68,0.06043026347594876,38.12799999999999,True,0
0.0,140.25000000000003,0.17997750281214844,-6.0,False,0
0.0021413276231263384,499.95000000000005,0.03768074984692195,-5.659031049250535,False,0
0.0,134.64000000000001,0.19124115509657677,-6.0,False,0
0.06091370558375635,562.32,0.03313782019418762,5.02915736040609,True,0
0.7100561247702205,161.70000000000002,0.14689680499449134,23.00224241623966,True,0
0.045454545454545456,425.0400000000001,0.04510803374080923,0.046090909090909626,True,0
0.49214659685863865,303.27000000000004,0.06637571976171117,38.48734554973821,True,1
0.8947368421052632,694.98,0.02637443789479237,197.54636842105262,True,0
0.0,133.98000000000002,0.19265966669877657,-6.0,False,0
0.5714285714285714,463.98,0.04091569321413228,77.79599999999999,True,0
0.0021413276231263384,423.72,0.045265254390729676,-5.716162740899358,False,0
0.8311688311688312,574.86,0.032353559700406036,148.1410909090909,True,0
